id;word_id;question_type;text;option_1;option_2;option_3;option_4;correct_answer;note
1;1;1;"How to say ""a/an"" in Turkish ?";bır;bip;bir;bi;3;
2;2;1;"Which of these verbs mean ""to be, to become"" ?";imek;olmak;ormak;ol;2;
3;3;1;"How do we say ""and"" in Turkish ?";ili;önce;sonra;ve;4;
4;4;1;"How do we say ""this"" in Turkish ? ";bu;şu;o;ora;1;"şu has a different meaning than ""this"", only ""bu"" refers to a close object "
5;5;1;"Which of these words translates to ""too, also"" ?";ma;sa;ta;da;4;
6;6;1;"What is the Turkish verb for ""to do, to make"" ?";etmek;edmek;etermek;yemek;1;
7;7;1;"Translate ""meat, flesh"" in Turkish.";set;ed;et;el;3;
8;8;1;"Which pronoun stands for ""she/he/it"" ?";sen;ben;o;biz;3;
9;9;1;"Which of these verbs mean ""to do, to make"" ?";yapmak;apmak;yarmak;yurmak;1;
10;10;1;"This word means ""to take, to get"". Which one is it?";atmak;binmek;bitmek;almak;4;
11;11;1;"How do we say ""to say"" in Turkish ?";demek;konuşmak;denmek;konusmak;1;
12;12;1;"Which pronoun is used for ""I, me"" ?";ben;sen;siz;onlar;1;
13;13;1;"Which one of these verbs mean ""to come"" ?";girmek;gelmek;gitmek;gidmek;2;
14;14;1;"How do you translate ""for"" in Turkish ?";izin;göre;için;gare;3;
15;15;1;very, much, many, a lot of;çok;az;çık;as;1;
16;16;1;"Which of these words mean ""to give"" ?";vipmek;vepmek;binmek;vermek;4;
17;17;1;"What is the interrogativ pronoun for ""what"" ?";neden;nasıl;ne;nerede;3;
18;18;1;"Translate ""more"" in Turkish.";daha;az;da;dana;1;
19;19;1;"According to you, which word is used to mean ""like …"" ?";göre;için;aslında;gibi;4;
20;20;1;"What is the verb for ""to see"" ?";görmek;gürmek;gormek;gopmek;1;
21;21;1;"We translate this word as ""self"", which one is it ?";kemdi;kendi;kepdi;kerdi;2;
22;22;1;What is the question particle in Turkish ?;bi/bı/bu/bü;si/sı/su/sü;pi/pı/pu/pü;mi/mı/mu/mü;4;
23;23;1;Which of this particle is used to show existence of something ? ;yanı;yok;var;mi;3;
24;24;1;"Which of these verbs mean ""to reach, to arrive at"" ?";varmak;yarmak;vapmak;armak;1;
25;25;1;"What option shows the verb ""to go out (of)"" ?";tıkmak;çırmak;çikmak;çıkmak;4;
26;26;1;"Which of these words often used as a suffix mean ""with, together"" in Turkish ?";ile;siz;li;ci;1;
27;27;1;"How to say ""after, later"" ?";önce;sonra;bazen;sık sık;2;
28;28;1;"Which of these words mean ""place"" ?";ser;ülke;yer;ulke;3;
29;29;1;"This verb means ""to find"", which one is it ?";bulmak;burmak;sulmak;sunmak;1;
30;30;1;"Which word mean ""inside"" ?";iç;için;icin;izin;1;
31;31;1;"What verb tanslates to ""to drink"" ?";izmek;binmek;yemek;içmek;4;
32;32;1;"This word can mean any of the following: ""but"", ""yet"", ""still"", which one is it ?";neden;zaten;ve;ama;4;
33;33;1;"This word stands out for ""time"" ? Which one is it ?";zanan;paman;zanan;zaman;4;
34;34;1;"How do you translate ""each, every"" in Turkish ?";har;ser;yer;her;4;
35;35;1;"This word mean ""thing"", which one is it ?";mey;sey;şey;hey;3;
36;36;1;"Translate ""until, as much as"".";karar;kadır;kadar;sadar;3;
37;37;1;"This word translates to ""break, interval, distance"", which one is it ?";söyle;dakika;ara;öyle;3;
38;38;1;"This verb is used to say ""to look for, to search"", which one is it ?";armak;aramak;aranmak;yaramak;2;
39;39;1;"What is the translation of ""gitmek"" ?";to do;to come;to go ;to play;3;
40;40;1;"Which set of two letters is used to express ""the most"" ?";ön;on;en;an;3;
41;41;1;"Only one of these words translates to ""year"", which one is it ?";san;sun;yil;yıl;4;
42;42;1;"Which word we use in Turkish to express ""be not"" (nominal negation) ?";değil;yok;artık;sonra;1;
43;43;1;"What is the meaning of ""çalışmak"" ?";to walk;to work;to read;to speed;2;
44;44;1;"Which of these verbs mean ""to want"" ?";stemek;ustemek;üstemek;istemek;4;
45;45;1;"What is ""late"" in Turkish ?";erkan;erken;geç;gec;3;
46;46;1;"Only one of these words mean ""to pass"", which one is it ?";gezmek;gesmek;gecmek;geçmek;4;
47;47;1;"This verb mean ""to know"" in Turkish, what is this verb ?";binmek;bilmek;bitmek;birmek;2;
48;48;1;"What is the pronoun for ""we, us"" ?";biz;siz;ben;o;1;
49;49;1;"How do you translate ""gün"" in English ?";week;year;month;day;4;
50;50;1;"Find the word for ""human, person"".";insen;kisi;kizi;insan;4;
51;51;1;"This verb mean ""to understand"", which one is it ?";alanmak;alamak;anlatmak;anlamak;4;
52;52;1;"We could translate this word to ""either"", which one is it ?";ye;ya;ay;ey;2;
53;53;1;"What is ""hand"" in Turkish ?";ul;el;al;ül;2;
54;54;1;"This word translates to ""who, which (subordinating conj.)"", which one is it ?";neden;ki;ne;mi;2;
55;55;1;"Find in this list a verb meaning ""to stay, to remain"".";karmak;kalmak;olmak;surmek;2;
56;56;1;"Find the word for  ""to say, to tell""";soylemek;söylemek;sölemek;seylemek;2;
57;57;1;"Find the word for  ""to look at""";barmak;bakmak;yakmak;bapmak;2;
58;58;1;These 3 letters show that something doesn't exist. What are these 3 letters ?;yuk;yok;yup;nok;2;"""reservasyon yok"" => there is no reservation"
59;59;1;"Find the word for ""to eat"".";emek;yemek;ekmek;yermek;2;
60;60;1;"Which verb means ""to begin, to start"" ?";bazlamak;başlamak;aşlamak;balamak;2;
61;61;1;"This word refers to ""subject matter, topic"", which one is it ?";kopu;konu;tonu;topu;2;
62;62;1;"What is ""new"" in Turkish ?";yeri;yeni;yani;eni;2;
63;63;1;"What is the verb for ""to be"" ?";inek;imek;ipek;inmek;2;
64;64;1;"What is the personal pronoun for ""you"" ?";o;sen;ben;siz;2;
65;65;1;"This word can be translated to ""work"" or ""business"", what is this word ?";iz;şırket;sırket;iş;4;
66;66;1;"What is ""before"" in Turkish ?";sonra;yarın;dün;önce;4;
67;67;1;"This word stands for ""end, conclusion"", what is this word ?";izli;en;son;an;3;
68;68;1;"What is ""side"" in Turkish ?";kıl;yan;kil;yen;2;
69;69;1;"Only one of these verbs mean ""to burn"", which one is it ?";urmak;yanmak;yarmak;armak;2;
70;70;1;"How do you translate ""on, above"" ?";arasında;yuksek;altında;üzeri;4;
71;71;1;"This word means ""big, great"", which one is it ?";buyuk;küçük;kucuk;büyük;4;
72;72;1;"This verb means ""to live"", which one is it ?";yaşamak;yasamak;yatamak;yazamak;1;
73;73;1;"Translate ""head"".";baş;kiz;bas;kuz;1;
74;74;1;"Translate ""road, way""";yil;yal;yul;yol;4;
75;75;1;"Translate ""to pluck""";yulmak;yılmak;yalmak;yolmak;4;
76;76;1;"Translate ""reason""";nes;nesen;neren;neden;4;
77;77;1;"Translate ""child""";çoluk;çok;çoğun;çocuk;4;
78;78;1;"This word is often used, it can be translated as ""saying"". Which one is it ?";dile;dime;dine;diye;4;
79;79;1;"This verb means ""to enter"", which one is it ?";gitmek;gelmek;sürmek;girmek;4;
80;80;1;"Which word means ""country"" ?";ülke;ulke;sulke;ölke;1;
81;81;1;"This verb translates to ""to use"", which one is it ?";kullanmak;kullamak;gullanmak;sullanmak;1;
82;82;1;"How do you translate ""face"" ?";yüz;yuz;yaz;yoz;1;
83;83;1;"The meaning of this verb is ""to swim, to skin"", what is this verb ?";yüzmek;yuzmek;yürmek;yurmek;1;
84;84;1;"Translates ""the world, the earth"".";dünya;dügya;dünye;dünüa;1;
85;85;1;"This verb is described as ""to be necessary (modal verb)"", which one is it ?";gerekmek;germek;geremek;gürmek;1;
86;86;1;"What is ""necessity"" in Turkish ?";gerek;sermek;senmek;gepek;1;
87;87;1;"Find ""someone"" in this list.";biri;kisi;bir;kişi;1;
88;88;1;"That word is translated as ""state, condition"", which word is it ?";durun;turum;durum;turun;3;
89;89;1;"What word means ""middle"" ?";orta;urta;yani;orda;1;
90;90;1;"Which verb is used to say ""to think"" ?";düşünmek;düsümek;düzünmek;daşanmek;1;
91;91;1;"What is ""to bring"" in Turkish ?";getipmek;dusmek;geturmek;getirmek;4;
92;92;1;"What is ""good"" in Turkish ?";izi;isi;iyi;kötü;3;
93;93;1;"Which word can be used to mean ""for, according to"" ?";güre;zöre;göre;zore;3;
94;94;1;"This word mean ""so, thus, such a"", which one is it ?";töyle;nöyle;böyle;möyle;3;
95;95;1;"Which verb translates to ""to open"" ?";açmak;acmak;azmak;kapatmak;1;
96;96;1;"What is ""hungry"" in Turkish ?";suz;siz;aç;ac;3;
97;97;1;"Which of these words mean ""side"" ?";duz;saraf;taraf;daraf;3;
98;98;1;"This verb mean ""to write"", which one is it ?";nezmek;nazmak;yüzmek;yazmak;4;
99;99;1;"What is the Turkish word for ""summer"" ?";yaz;yüz;yuz;naz;1;
100;100;1;"Translate ""to show"" in Turkish.";göstermek;getirmek;getmek;gelirmek;1;
101;101;1;"What's the Turkish for ""house, home"" ?";ev;evi;em;uv;1;
102;102;1;"What's the Turkish for ""woman, female"" ?";kadin;kadın;cadin;cadın;2;
103;103;1;"What's the Turkish for ""state, condition"" ?";hel;hal;hul;hül;2;
104;104;1;"What's the Turkish for ""eye"" ?";göz;goz;guz;güz;1;
105;105;1;"What's the Turkish for ""field, open place"" ?";alan;alun;malan;alın;1;
106;106;1;"What's the Turkish for ""the same"" ?";ayna;aynu;ayni;aynı;4;
107;107;1;"What's the Turkish for ""important"" ?";ünemli;önemlu;enemli;önemli;4;
108;108;1;"What's the Turkish for ""never"" ?";hiç;hic;hıç;hiz;1;
109;109;1;"What's the Turkish for ""in other words"" ?";hanu;hani;yanu;yani;4;
110;110;1;"What's the Turkish for ""this place"" ?";boura;şura;şuru;bura;4;
111;111;1;"What's the Turkish for ""remark, statement"" ?";siz;suz;soz;söz;4;
112;112;1;"What's the Turkish for ""first"" ?";ılk;olk;ulk;ilk;4;
113;113;1;"What's the Turkish for ""correct"" ?";ğodru;duğro;doğru;duğru;3;
114;114;1;"What's the Turkish for ""to talk, to speak"" ?";konusmak;konuşmak;konuzmak;komuşmak;2;
115;115;1;"What's the Turkish for ""to come into being"" ?";olusmak;uluşmak;uluşmak;oluşmak;4;
116;116;1;"What's the Turkish for ""becoming, formation"" ?";uluş;olus;oluş;uluz;3;
117;117;1;"What's the Turkish for ""yet"" ?";mamafi;ancak;faka;artık;2;
118;118;1;"What's the personal pronoun for ""you"" at the plural form ?";sen;liz;siz;biz;3;
119;119;1;"How do you say ""unity"" in Turkish ?";sirilik;birilik;sirlik;birlik;4;
120;120;1;"How do you say ""shape, figure"" ?";bekil;şekil;pekil;tekil;2;
121;121;1;"How do you say ""other"" ?";baska;başka;şaşka;saşka;2;
122;122;1;"How do you say ""whole, total, entire"" ?";bütün;bügün;tübün;rütün;1;
123;123;1;"How do you say ""how"" ?";ne;nesen;nasıl;neden;3;
124;124;1;"How do you say ""that"" ?";bu;o;orada;şu;4;
125;125;1;"How do you say ""front"" ?";ün;ön;en;an;2;
126;126;1;"How do you say ""to pull"" ?";çekmek;çikmak;çıkmak;çesmek;1;
127;127;1;"How do you say ""cheque"" ?";çek;cek;zek;şek;1;
128;128;1;"How do you say ""state"" ?";delet;devlet;letdevet;vedlet;2;
129;129;1;"What is ""Which of these following words mean ""even"" ?";bile;sile;dile;mile;1;
130;130;1;"What is ""Which of these following words mean ""to develop"" ?";gelismek;gelirmek;gelişmek;lişmek;3;
131;131;1;"Which of these following words mean ""arrival, visit"" ?";geliş;gelir;deliş;delir;1;
132;132;1;"Which of these following words mean ""now"" ?";şımdı;şumdu;şümdü;şimdi;4;
133;133;1;"Which of these following words mean ""and also"" ?";hem;hen;ham;han;1;
134;134;1;"Only one of these following words mean ""person"", which one ?";kışı;kişi;kaşi;kuşi;2;
135;135;1;"Which of these following words mean ""to fall"" ?";düşmek;düşünmek;düşümek;düşünümek;1;
136;136;1;"Which of these following words mean ""dream"" ?";duş;düz;düş;düzüş;3;
137;137;1;"Which of these verbs mean ""to stop"" ?";kurumak;kurmak;durmak;kurunmak;3;
138;138;1;"Which of these following words mean ""bottom, ground"" ?";üst;yak;orta;alt;4;
139;139;1;"Which of these following words mean ""or"" ?";vema;ve;vena;veya;4;
140;140;1;"Which of these following words mean ""again"" ?";yane;yene;yine;yune;3;
141;141;1;"Which of these following words mean ""feature, speciality"" ?";muzeliik;özellik;uzellik;mözellik;2;
142;142;1;"Which of these following words mean ""name"" ?";id;ad;ud;ed;2;
143;143;1;"Which of these following words mean ""right"" ?";huk;hak;hek;hük;2;
144;144;1;"Which of these following words mean ""to ask"" ?";surmek;sürmek;sormak;sağmak;3;
145;145;1;"Which of these words mean ""man, person"" ?";adım;kadın;adam;ekmek;3;
146;146;1;"Which of these following words mean ""period"" ?";dönem;dönen;dünem;danem;1;
147;147;1;"What is ""outside"" in Turkish ?";iç;şıd;daşar;dış;4;
148;148;1;"How do you say ""life"" in Turkish ?";ayat;tayah;hamat;hayat;4;
149;149;1;"What is ""to provide"" in Turkish ?";sarlamak;sağlamak;sanlamak;samlamak;2;
150;150;1;"What is ""to set up"" in Turkish ?";kurmak;kunmak;kulmak;kummak;1;
151;151;1;"What is ""exchange rate"" in Turkish ?";kar;kur;kür;kir;2;
152;152;1;"How do you say ""result, outcome"" in Turkish ?";zonuç;somuç;sonuç;sonuc;3;
153;153;1;"What is ""owner"" in Turkish ?";sahib;sapib;sahip;hasip;3;
154;154;1;"What is ""to hold"" in Turkish ?";kurutmak;putmak;tutmak;tupmak;3;
155;155;1;"What is ""to throw"" in Turkish ?";tamak;atmak;itmek;ıtmak;2;
156;156;1;"What is ""horse"" in Turkish ?";hursa;ut;at;et;3;
157;157;1;"What is ""to drive, to last"" in Turkish ?";sürmek;surmek;rusmek;rüsmek;1;
158;158;1;"What is ""girl"" in Turkish ?";kadin;erkek;kız;adam;3;
159;159;1;"What is ""to get angry, to redden"" in Turkish ?";kızmak;kizimak;kizmak;çizmak;1;
160;160;1;"How do you say ""because"" in Turkish ?";pünkü;çünkü;icin;bu yüzden;2;
161;161;1;"How do you say ""that place"" in Turkish ?";ora;bu;su;o;1;
162;162;1;"How do you say ""single, the only"" in Turkish ?";şek;çek;sek;tek;4;
163;163;1;"How do you say ""to leave"" in Turkish ?";bırakmak;tirakmak;birakmak;zitmak;1;
164;164;1;"How do you say ""water"" in Turkish ?";cu;du;su;şu;3;
165;165;1;"How do you say ""top, upper"" in Turkish ?";orta;yan;alt;üst;4;
166;166;1;"How do you say ""to read"" in Turkish ?";oturmak;uturmak;okumak;okurmak;3;
167;167;1;"How do you say ""to love, to like"" in Turkish ?";severmek;sevmek;çevmek;zevmek;2;
168;168;1;"How do you say ""to hear"" in Turkish ?";duyumak;dinlemek;dinlimek;duymak;4;
169;169;1;"How do you say ""together"" in Turkish ?";bardak;birlikte;bereber;berabe;2;
170;170;1;"How do you say ""to recognize, to be acquainted"" in Turkish ?";tınamak;tanımak;tanimak;tinamak;2;
171;171;1;"How do you say ""diagnosis"" in Turkish ?";tani;tanı;tina;tına;2;
172;172;1;"How do you say ""to wait (for)"" in Turkish ?";çezimek;çezmek;beklemek;bekemek;3;
173;173;1;"How do you say ""much, excessive"" in Turkish ?";fazla;bol;çok;sok;1;
174;174;1;"How do you say ""no more, anymore, no longer"" in Turkish ?";çünkü;ancak;artık;artik;3;
175;175;1;"Which of these words translates correctly to ""to apply"" ?";ugulamak;uygulmak;uğmak;uygulamak;4;
176;176;1;"Which of these words translates correctly to ""father"" ?";bebek;baba;papa;anne;2;
177;177;1;"Which of these words translates correctly to ""moment, instant"" ?";an;yil;dakil;dakika;1;
178;178;1;"Which of these words translates correctly to ""to remember, to recollect"" ?";anlamak;anmak;anlatmak;tanlanmak;2;
179;179;1;"Which of these words translates correctly to ""to change"" ?";değişmek;degişmek;diğişmek;dehişmek;1;
180;180;1;"Which of these words translates correctly to ""question"" ?";soru;problem;pitanğa;kestin;1;
181;181;1;"Which of these words translates correctly to ""the other"" ?";diğer;diger;doğer;duger;1;
182;182;1;"Which of these words translates correctly to ""related"" ?";ilgili;kesak;ulgul;elguli;1;
183;183;1;"Which of these words translates correctly to ""knowledge, information"" ?";pilgi;bilgi;silgi;milgi;2;
184;184;1;"Which of these words translates correctly to ""duration, period"" ?";sure;süre;sör;sor;2;
185;185;1;"Which of these words translates correctly to ""beautiful"" ?";güzel;guzel;muzel;müzel;1;
186;186;1;"Which of these words translates correctly to ""thus, as such"" ?";föyle;töyle;öyle;soyle;3;
187;187;1;"What's the word for ""mother"" ?";bebek;teyzem;baba;anne;4;
188;188;1;"What's the word for ""date, history"" ?";tariş;tarih;histar;hıstar;2;
189;189;1;"What's the word for ""only, merely"" ?";tadece;sadece;sordece;şadece;2;
190;190;1;"How to say ""friend"" in Turkish ?";arkadas;arkadaş;arkades;ardakaş;2;
191;191;1;"What's the verb for ""to put, to place"" ?";kurmak;koymak;koumak;kumak;2;
192;192;1;"What's the Turkish for ""cove"" ?";soy;soy;koy;yoy;3;
193;193;1;"What's the word for ""today"" ? Be careful with the u, ü !";bügün;bügun;bugun;bugün;4;
194;194;1;"What's the verb for ""to escape"" ?";kaçamak;kaçmak;çakamak;çakmak;2;
195;195;1;"What's the word we use to say ""how many"" ?";çuk;kaç;kuç;kac;2;
196;196;1;"How do you say ""decision, verdict"" ?";carar;karar;sarar;rasar;2;
197;197;1;"How do you say ""to get dark, to turn black"" ?";kamamak;kararmak;karamak;karamak;2;
198;198;1;"How do you say ""general, common"" ?";generel;ganal;genel;genele;3;
199;199;1;"What is the correct word for ""system"" among these ?";systam;sistem;sistim;system;2;
200;200;1;"What is ""relation, connection"" in Turkish ?";ilişki;iliski;ılışki;ilizki;1;
201;201;1;"How do you say ""money"" in Turkish ?";para;bara;parı;par;1;
202;202;1;"What's the verb for ""to turn"" ?";dünmek;dönmek;donmek;dunmek;2;
203;203;1;"What's the Turkish word for ""power"" ?";goç;göç;güç;guç;3;
204;204;1;"Translate ""to increase, to remain"" in Turkish.";atmak;artmak;aratmak;urtmak;2;
205;205;1;"How do you translate ""back, behind"" in Turkish ?";alt;ön;art;orta;3;
206;206;1;"How do you translate ""sound, noise, voice"" in Turkish ?";çes;ses;şeş;şez;2;
207;207;1;"How do you translate ""small, little"" in Turkish ?";küçük;buçük;büyük;küzük;1;
208;208;1;"How do you translate ""some"" in Turkish ?";hep;bazı;bezi;bol;2;
209;209;1;"Which word can be used for ""all"" ?";beraber;tüm;tün;her;2;
210;210;1;"What's the word for ""open, clear"" ?";açik;açık;açak;acık;2;
211;211;1;"What is ""society"" in Turkish ?"" ?";toplum;toplu;societe;petlum;1;
212;212;1;"How do you translate ""hard, difficult"" ?";zor;zür;zur;zır;1;
213;213;1;"How do you translate ""row, line, desk"" ?";sıra;sir;siir;sire;1;
214;214;1;"How do you translate ""event, occurrence"" ?";olay;oley;tolay;olayı;1;
215;215;1;"How do you translate ""moon, month"" ?";hafta;ai;ay;gün;3;
216;216;1;"How do you translate ""right now, immediately"" ?";hep;emen;hemen;hepen;3;
217;217;1;"How do you translate ""group"" ?";grup;grupu;grip;grop;1;
218;218;1;"How do you translate ""to appear"" ?";belirmek;belmek;germek;giremek;1;
219;219;1;"How do you translate ""long"" ?";üzun;uzün;üzün;uzun;4;
220;220;1;"How do you translate ""problem, matter, issue"" ?";sor;problum;soran;sorun;4;
221;221;1;"How do you translate ""to die"" ?";olmak;olumak;ölmek;ölümek;3;
222;222;1;"What's the word for ""a little, some"" ?";bol;çok;biraz;küçük;3;
223;223;1;"What's the word for ""book"" ?";qitap;kıtap;kitap;kitab;3;
224;224;1;"What's the word for ""old, former"" ?";yeni;eski;eske;yene;2;
225;225;1;"What's the word for ""education"" ?";eğitiğim;edukation;eğtim;eğitim;4;
226;226;1;"What's the word for ""to win"" ?";kazamak;kazanamak;kazanmak;kazmak;3;
227;227;1;"What's the word for ""caldron"" ?";kaz;kazan;kazam;kazamam;2;
228;228;1;"What's the word for ""hour, watch"" ?";sat;saata;saat;şaat;3;
229;229;1;"What's the word for ""to separate"" ?";aymak;ayumak;ayırmak;ayamak;3;
230;230;1;"What's the word for ""to sit"" ?";okumak;okurmak;oturmak;otumak;3;
231;231;1;"What's the word for ""exact, full, complete"" ?";tom;tüm;tam;tum;3;
232;232;1;"What's the word for ""movement, motion"" ?";hareketti;şikayet;şikalet;hareket;4;
233;233;1;"What's the exact word for ""people, nation"" ?";halk;kalk;şalk;salk;1;
234;234;1;"How do you translate ""to carry"" ?";tağımak;tağmak;takmak;takimak;1;
235;235;1;"How do you translate ""meaning, sense"" ?";anlatam;anlam;ansam;anlamam;2;
236;236;1;"How do you translate ""load, burden"" ?";yık;yük;yak;yuk;2;
237;237;1;"How do you translate ""each other"" ?";biriden;her biri;birbiri;bir bir;3;
238;238;1;"How do you translate ""value, worth"" ?";leker;deker;değer;deger;3;
239;239;1;"How do you translate ""to count"" ?";sayamak;saymak;sayımak;durmak;2;
240;240;1;"How do you translate ""to finish, to end"" ?";bitinmek;bitmek;birmek;gormek;2;
241;241;1;"How do you translate ""where"" ?";nere;neden;ne;nasıl;1;
242;242;1;"How do you translate ""life"" ?";yasam;yaşam;hakat;hayatt;2;
243;243;1;"How do you translate ""to explain, to disclose"" ?";açmak;antamak;açıklamak;anatlamak;3;
244;244;1;"How do you translate ""none, no"" ?";iç;hiçbir;hic;çık;2;
245;245;1;"How do you translate ""building, structure"" ?";yap;yar;yapu;yapı;4;
246;246;1;"How do you translate ""age"" ?";say;yas;yaş;sayı;3;
247;247;1;"Translate ""acceptance"" in Turkish.";kasul;karul;kapul;kabul;4;
248;248;1;"Translate ""few, a little"" in Turkish.";az;küçük;bol;çok;1;
249;249;1;"Translate ""different"" in Turkish.";daha;farklı;aynı;az;2;
250;250;1;"Translate ""back"" in Turkish.";garı;geri;düz;duz;2;
251;251;1;"Translate ""continuation"" in Turkish.";devan;devam;vedam;vedan;2;
252;252;1;"Translate ""region"" in Turkish.";bölğe;bölge;bolğe;bölğü;2;
253;253;1;"Translate ""family"" in Turkish.";ile;eile;ale;aile;4;
254;254;1;"Translate ""to meet"" in Turkish.";karşılamak;karsılamak;karcılamak;karpılamak;1;
255;255;1;"Translate ""young"" in Turkish.";genc;yaşlı;yaslı;genç;4;
256;256;1;"Translate ""form, shape"" in Turkish.";bizim;bicim;biçim;bisim;3;
257;257;1;"What's the Turkish for word for ""number"" ?";say;seyi;sayın;sayı;4;
258;258;1;"What's the Turkish word for ""school"" ?";ekul;okul;ekol;kolu;2;
259;259;1;"What's the Turkish word for ""everybody, everyone"" ?";hiç;herkes;her;karşı;2;
260;260;1;"What's the Turkish verb for ""to add"" ?";kamak;alamak;katmak;adamak;3;
261;261;1;"What's the Turkish word for ""floor"" ?";küt;flur;kat;etage;3;
262;262;1;"What's the Turkish word for ""high"" ?";yuksek;yüksük;yaksık;yüksek;4;
263;263;1;"What's the Turkish word for ""night"" ?";geze;geci;geçe;gece;4;
264;264;1;"What's the Turkish verb for ""to cut"" ?";kesmek;çezmek;pesmek;lesmek;1;
265;265;1;"What's the Turkish verb for ""to laugh"" ?";mulmek;gülmek;gulmek;gülüsümek;2;
266;266;1;"What's the Turkish word for ""rose"" ?";roz;göl;ruz;gül;4;
267;267;1;"What is ""angle"" in Turkish ?";aglı;acı;açı;anglı;3;
268;268;1;"What is ""aim, goal, purpose"" in Turkish ?";hamza;amza;amac;amaç;4;
269;269;1;"What is ""perhaps, maybe"" in Turkish ?";belki;beki;ancak;aslında;1;
270;270;1;"What is the word for ""foundation"" in Turkish ?";kemel;temel;tenel;tekel;2;
271;271;1;"How do you say ""to materialize, to happen"" in Turkish ?";gerşekleşmek;gerçekleşmek;gertekleşmek;görekleşmek;2;
272;272;1;"What is the verb ""to reach"" in Turkish ?";ulamak;ulaşmak;alaşmak;ulasmak;2;
273;273;1;"How would you say ""always"" in Turkish ?";her;hep;hep zaman;asla;2;
274;274;1;"What is ""to commit, to work"" in Turkish ?";işenlemek;ezlemek;eklemek;işlemek;4;
275;275;1;"How do you say  ""expression, testimony"" in Turkish ?";afaide;afıda;ifade;faide;3;
276;276;1;"What is ""environs, surroundings"" in Turkish ?";çevrem;kevre;leprem;çevre;4;
277;277;1;"How do you say ""to ignite, to light"" in Turkish ?";yarmak;yakmak;yukmak;yükmek;2;
278;278;1;"How do you say ""yes"" in Turkish ?";evet;hayır;belki;hayir;1;
279;279;1;"How do you say ""special, personal, private"" in Turkish ?";özel;ozellikle;ozel;üzel;1;
280;280;1;"How do you say ""language, tongue"" in Turkish ?";dil;dıl;dul;dül;1;
281;281;1;"How do you translate ""inside"" ?";içeri;diş;dış;dis;1;
282;282;1;"How do you translate ""kind, type"" ?";tor;tur;ter;tür;4;
283;283;1;"How do you translate ""to walk"" ?";yurumek;yurmek;yürümek;yormak;3;
284;284;1;"How do you translate ""especially"" ?";ozellikle;özelikle;özellikle;uzellikle;3;
285;285;1;"How do you translate ""man, male"" ?";erkek;ekmek;yekmek;kadın;1;
286;286;1;"How do you translate ""quite"" ?";pek;hep;aisla;artık;1;
287;287;1;"How do you translate ""(x) times"" ?";kez;kes;difa;defan;1;
288;288;1;"How do you translate ""who"" ?";nere;ne;kim;neden;3;
289;289;1;"How do you translate ""process"" ?";sürec;süreç;sureç;akmaç;2;
290;290;1;"How do you translate ""to stand up"" ?";gulmak;gülmek;kalmak;kalkmak;4;
291;291;1;"How do you translate ""someone, no one"" ?";kisi;ikil;kinse;kimse;4;
292;292;1;"How do you translate ""to learn"" ?";ogrenmek;okumak;öğrenmek;okunmak;3;
293;293;1;"How do you translate ""door"" ?";pakı;kepi;kapı;kipe;3;
294;294;1;"How do you translate ""point"" ?";nokda;nukta;noçta;nokta;4;
295;295;1;"How do you translate ""effect"" ?";etki;etçi;atçı;efki;1;
296;296;1;"How do you translate ""all"" ?";hepsi;her;ker;nersi;1;
297;297;1;"How do you translate ""attention"" ?";dikket;kaddit;dikkat;atent;3;
298;298;1;"How do you translate ""second"" ?";uçüncü;birinci;ikinci;dortuncu;3;
299;299;1;"How do you translate ""anyway, anyhow"" ?";aslında;zaten;asla;o yüzden;2;
300;300;1;"How do you translate ""is about to"" ?";üzere;göre;rağmen;zaten;1;
301;301;1;"How do you say ""to arrange, to organize"" ?";elenmek;yelenmek;dinlemek;düzenlemek;4;
302;302;1;"How do you say ""to ride, to get on"" ?";yürümek;bitirmek;yüzmek;binmek;4;
303;303;1;"How do you say ""difference"" ?";anada;fark;ozlun;çevret;2;
304;304;1;"How do you say ""to create"" ?";yürümek;yeremek;yaramak;yaratmak;4;
305;305;1;"How do you say ""administration"" ?";salon;kilint;yönetim;sulutun;3;
306;306;1;"How do you say ""thought, idea"" ?";düşünce;ide;fekir;kulum;1;
307;307;1;"How do you say ""near, recent"" ?";üzün;uzak;yakın;orta;3;
308;308;1;"How do you say ""to complain"" ?";çevermek;kilimak;yakınmak;yakamak;3;
309;309;1;"How do you say ""to follow, to watch"" ?";seyrenemek;izlemek;görümek;gürmek;2;
310;310;1;"How do you say ""to play"" ?";oynamak;oynamamak;oynatmak;unamak;1;
311;311;1;"How do you say ""to squeeze"" ?";sıkmak;silmek;sikmek;silinmek;1;
312;312;1;"How do you say ""frequent"" ?";nadir;sık;ender;neder;2;
313;313;1;"How do you say ""to protect"" ?";rakmak;rakımak;korumak;rekmek;3;
314;314;1;"How do you say ""grove, small wood"" ?";karu;karul;kuru;koru;4;
315;315;1;"How do you say ""duty, assignment"" ?";goruv;görev;gorev;garav;2;
316;316;1;"How do you say ""war"" ?";savaş;şavas;şavaş;savas;1;
317;317;1;"How do you say ""to fight, to battle"" ?";şavaşmak;savaşmak;savasmak;şavasmak;2;
318;318;1;"How do you say ""matter, substance"" ?";made;meda;madde;matte;3;
319;319;1;"How do you say ""short"" ?";uzun;kısa;üzün;kisa;1;
320;320;1;"How do you say ""source"" ?";kaynak;kuymak;koymak;kaymak;1;
321;321;1;"How do you say ""income"" ?";gelir;gedir;getir;gemir;1;
322;322;1;"How do you say ""once again"" ?";yeniden;aynı yeni ;daha yeni;yeni dafa;1;
323;323;1;"How do you say ""party"" ?";party;parta;parti;perti;3;
324;324;1;"How do you say ""center"" ?";sinter;merkez;senter;synter;2;
325;325;1;"How do you say ""to prepare"" ?";hazırlamak;hazırlarmak;hazlamak;hazmak;1;
326;326;1;"How do you say ""thus"" ?";aslında;ondan sonra;şöyle;için;3;
327;327;1;"How do you say ""writing"" ?";yaz;yazı;yazanı;yazın;2;
328;328;1;"How do you say ""service"" ?";serviz;hiz;hizmet;metiz;3;
329;329;1;"How do you say ""mind, reason, wisdom"" ?";fikirli;akan;baş fikir;akıl;4;
330;330;1;"How do you say ""president"" ?";presiden;baskan;presidün;başkan;4;
331;331;1;"How do you say ""part, portion, section"" ?";çolum;bolum;bölüm;bolun;3;
332;332;1;"How do you say ""but, however, yet"" ?";aslında;o yüzden;gibi;fakat;4;
333;333;1;"How do you say ""real, true, genuine"" ?";gerzek;gerçek;çergek;gercek;2;
334;334;1;"How do you say ""example, sample"" ?";örnek;yakmak;exemple;ornek;1;
335;335;1;"How do you say ""news"" ?";nabar;haber;naber;naber;2;
336;336;1;"How do you say ""to determine"" ?";belirlemek;berlirlemek;senlemek;çelenmek;1;
337;337;1;"How do you say ""ratio, proportion"" ?";oran;uran;ürün;urun;1;
338;338;1;"How do you say ""student"" ?";öğrenci;öğrünci;ögrenci;oğrenci;1;
339;339;1;"How do you say ""program, schedule"" ?";schedul;program;proğram;skedul;2;
340;340;1;"How do you say ""obvious"" ?";yani;asla;belli;harika;3;
341;341;1;"How do you say ""direction"" ?";yün;yön;asla;düz;2;
342;342;1;"How do you say ""to gather, to collect"" ?";toprakmak;tolanmak;toplamak;toplanmak;3;
343;343;1;"How do you say ""room"" ?";eda;oda;uda;ede;2;
344;344;1;"How do you say ""to select, to choose"" ?";çezmek;onmak;seçmek;seçemek;3;
345;345;1;"How do you say ""future, next"" ?";sonra ki;evvelki;önceki;gelecek;4;
346;346;1;"How do you say ""to be born"" ?";doğmak;dopmak;dormak;durmak;1;
347;347;1;"How do you say ""possible"" ?";nünkun;pümküm;lümkün;mümkün;4;
348;348;1;"How do you say ""to believe"" ?";inatmak;imak;anlamak;inanmak;4;
349;349;1;"How do you say ""even, moreover"" ?";harta;hata;hatta;hattı;3;
350;350;1;"How do you say ""to gain value"" ?";degerlenmek;değelenmek;değermek;değerlenmek;4;
351;351;1;"How do you say ""culture"" ?";kultur;kültür;cültür;cultur;2;
352;352;1;"How do you say ""to weigh"" ?";tarmak;tartmak;tartamak;termek;2;
353;353;1;"How do you say ""back"" ?";arka;düz;sağ;sol;1;
354;354;1;"How do you say ""air, weather"" ?";hayat;vahat;hava;hatta;3;
355;355;1;"How do you say ""foot"" ?";ayak;ayakabbı;parma;baş;1;
356;356;1;"How do you say ""earth, soil"" ?";toprak;torpak;tunmak;sunak;1;
357;357;1;"How do you say ""in fact"" ?";aslin;aislında;aslında;aslinda;3;
358;358;1;"How do you say ""separately, additionally"" ?";rıca;ayrica;ayrıca;syrıca;3;
359;359;1;"How do you say ""university"" ?";üniversitet;universite;universite;üniversite;4;
360;360;1;"How do you say ""to lean"" ?";duyamak;daymak;dayamak;duymak;3;
361;361;1;"How do you say ""level, rank"" ?";duzay;düzey;duzey;düzay;2;
362;362;1;"How do you say ""soul, life"" ?";can;çan;zan;gan;1;
363;363;1;"How do you say ""soldier"" ?";canam;askır;asker;can;3;
364;364;1;"How do you say ""which"" ?";can;hangi;ne;neden;2;
365;365;1;"How do you say ""to close, to shut"" ?";çapmak;katmak;kapanamak;kapamak;4;
366;366;1;"How do you say ""to get full, to fill"" ?";dölmek;dolmak;pukmak;çekmek;2;
367;367;1;"How do you say ""to resemble"" ?";benzenemek;benzemek;banzmak;bonzmak;2;
368;368;1;"How do you say ""to step on, to print, to press"" ?";basmak;başkmak;bazmak;bozmak;1;
369;369;1;"How do you say ""appropriate"" ?";uygun;uzgün;uzgum;uygul;1;
370;370;1;"How do you say ""if, unless"" ?";eğer;eger;eher;ehir;1;
371;371;1;"How do you say ""social"" ?";sosyal;social;sosial;sösyal;1;
372;372;1;"How do you say ""mother, main"" ?";annem;ana;ilk;silk;2;
373;373;1;"How do you say ""benefit"" ?";çıkar;çikar;sikar;pinar;1;
374;374;1;"How do you say ""class, category"" ?";class;sınıf;sinif;zinif;1;
375;375;1;"How do you say ""religion"" ?";den;dın;din;dan;3;
376;376;1;"How do you say ""to stop, to cease"" ?";dinmek;dinlemek;durumak;dinlenmek;1;
377;377;1;"How do you say ""production"" ?";üreletim;üretim;üreltim;uretim;2;
378;378;1;"How do you say ""institution"" ?";çurun;kupun;kurun;kurum;4;
379;379;1;"How do you say ""to grow"" ?";buyumek;büyümek;çurulmek;koyumak;2;
380;380;1;"How do you say ""magic, spell"" ?";söya;büyü;buyu;suyu;2;
381;381;1;"How do you say ""film, movie"" ?";movy;fılm;film;movi;3;
382;382;1;"How do you say ""tied to, bound to"" ?";bahlı;bağlı;baglı;banli;2;
383;383;1;"How do you say ""to forget"" ?";untmak;ununmak;unutmak;unmak;3;
384;384;1;"How do you say ""to descend, to get off"" ?";ininmek;inmek;imek;immek;2;
385;385;1;"How do you say ""lair, cave"" ?";ın;in;on;ön;2;
386;386;1;"How do you say ""a few"" ?";birkaç;birçok;birbiri;biriden;1;
387;387;1;"How do you say ""election, selection"" ?";seçim;sezim;secim;selim;1;
388;388;1;"How do you say ""economic"" ?";ekonomic;ekonomik;economic;economik;2;
389;389;1;"How do you say ""product, produce"" ?";üsün;usun;urun;ürün;4;
390;390;1;"How do you say ""necessity"" ?";içtiyaç;iştiyaç;istiyaç;ihtiyaç;4;
391;391;1;"How do you say ""to send"" ?";günmek;gündermek;göndemek;göndermek;4;
392;392;1;"How do you say ""flagpole"" ?";gonder;gönder;dünder;günder;2;
393;393;1;"How do you say ""to affect, to influence"" ?";klememek;eklemek;etlemek;etkilemek;4;
394;394;1;"How do you say ""sea"" ?";boğaz;sahip;more;deniz;4;
395;395;1;"How do you say ""to analyze"" ?";analysemek;incemek;incelemek;inselemek;3;
396;396;1;"How do you say ""lesson, course"" ?";lessyon;dars;lesyon;ders;4;
397;397;1;"How do you say ""to suppose, to imagine"" ?";sanlamak;sanımak;sanmak;panmak;3;
398;398;1;"How do you say ""to sell"" ?";sadamak;satamak;satmak;sanmak;3;
399;399;1;"How do you say ""gentleman"" ?";ney;şey;bey;rey;3;
400;400;1;"How do you translate ""percent"" in Turkish ?";yuzde;yüzde;puzde;yüzden;2;
401;401;1;"How do you translate ""existence"" in Turkish ?";varmalık;saralık;varalık;varlık;4;
402;402;1;"How do you translate ""member"" in Turkish ?";ade;üye;öye;aye;2;
403;403;1;"How do you translate ""help, aid"" in Turkish ?";yardım;ğardım;yartım;yardın;1;
404;404;1;"How do you translate ""food, meal, eating"" in Turkish ?";erkek;ekmek;emek;yemek;4;
405;405;1;"How do you translate ""politics, policy"" in Turkish ?";politica;politika;politiça;politiğa;2;
406;406;1;"How do you translate ""feeling, sense"" in Turkish ?";dayga;duygu;duyga;düygü;2;
407;407;1;"How do you translate ""to lift, to raise"" in Turkish ?";kaldımak;kaldmak;kaldırmak;kaltırmak;3;
408;408;1;"How do you translate ""game"" in Turkish ?";yoğun;oyun;game;yogun;2;
409;409;1;"How do you translate ""point of view, vision"" in Turkish ?";şorug;görüş;goruş;şörüg;2;
410;410;1;"How do you translate ""son"" in Turkish ?";oğul;kız;çocuk;çoluk;1;
411;411;1;"How do you translate ""degree"" in Turkish ?";deleçe;delece;derece;depece;3;
412;412;1;"How do you translate ""to listen"" in Turkish ?";dinmek;duymak;duyumak;dinlemek;4;
413;413;1;"How do you translate ""front, forward, advanced"" in Turkish ?";alt;üst;ileri;orta;3;
414;414;1;"How do you translate ""newspaper"" in Turkish ?";ğurnal;gazete;gazata;gaçete;2;
415;415;1;"How do you translate ""bad"" in Turkish ?";kotu;mümkel;iyi;kötü;4;
416;416;1;"How do you translate ""a lot of"" in Turkish ?";bolbol;birçok;biraz;çok biraz;2;
417;417;1;"How do you translate ""science"" in Turkish ?";bilim;bılım;belem;bülüm;1;
418;418;1;"How do you translate ""death"" in Turkish ?";olunu;olun;olum;ölüm;4;
419;419;1;"How do you translate ""government"" in Turkish ?";hukumet;hokomat;hükümet;hekemet;3;
420;420;1;"How do you translate ""to present, to submit"" in Turkish ?";sürmek;surumak;sunmak;surmak;3;
421;421;1;"How do you translate ""to lie down"" in Turkish ?";yatmak;yazmak;uyunmak;uyumak;1;
422;422;1;"How do you translate ""yacht"" in Turkish ?";yakt;yacht;yaz;yat;4;
423;423;1;"How do you translate ""to mix, to blend"" in Turkish ?";karmak;karişmak;kamak;kaşişmak;1;
424;424;1;"How do you translate ""snow, profit"" in Turkish ?";ker;kar;kür;kurum;2;
425;425;1;"How do you translate ""milieu, medium"" in Turkish ?";ortam;ortan;ön;ara;1;
426;426;1;"How do you translate ""telephone"" in Turkish ?";tülefon;telifon;telefon;telfon;3;
427;427;1;"How do you translate ""morning"" in Turkish ?";şaba;şabat;sabah;şabah;3;
428;428;1;"How do you translate ""remote, far"" in Turkish ?";yakın;karşı;uzak;uzal;3;
429;429;1;"How do you translate ""to sieve"" in Turkish ?";ulmak;alamak;elemek;elenmek;3;
430;430;1;"How do you translate ""to take to"" in Turkish ?";getirmek;getirmek;götürmek;gatmak;3;
431;431;1;"How do you translate ""writer, author"" in Turkish ?";yazar;yazır;şıırır;yazın;1;
432;432;1;"How do you translate ""piece, fragment"" in Turkish ?";parça;barça;barçı;parçı;1;
433;433;1;"How do you translate ""city"" in Turkish ?";şehir;sehir;köt;köy;1;
434;434;1;"How do you translate ""part, section"" in Turkish ?";kısım;kisim;küsüm;küzün;1;
435;435;1;"How do you translate ""love"" in Turkish ?";aşk;ask;üsk;usk;1;
436;436;1;"How do you translate ""importance"" in Turkish ?";kuç;sekel;önem;barem;3;
437;437;1;"How do you translate ""week"" in Turkish ?";saat;gün;yıl;hafta;4;
438;438;1;"How do you translate ""village"" in Turkish ?";şehir;sel;nehir;köy;4;
439;439;1;"How do you translate ""strange, foreign"" in Turkish ?";dışarıdan;türksüz;yabancı;edrenğer;3;
440;440;1;"How do you translate ""to rise"" in Turkish ?";yukselmek;yüksemek;yükselmek;deseşmek;3;
441;441;1;"How do you translate ""to remember"" in Turkish ?";hazırlamak;hatırlamak;haçırlamak;hatırlmak;2;
442;442;1;"How do you translate ""easy"" in Turkish ?";küley;kolay;köley;zor;2;
443;443;1;"How do you translate ""city"" in Turkish ?";deniz;kent;köy;nehir;2;
444;444;1;"How do you translate ""concept"" in Turkish ?";koncept;kavram;kapram;konzept;2;
445;445;1;"How do you translate ""for example"" in Turkish ?";orneğin;örneğin;ornegin;örnegin;2;
446;446;1;"How do you translate ""method"" in Turkish ?";yontem;yöndem;yöntem;yüntem;3;
447;447;1;"How do you translate ""in this way"" in Turkish ?";ondan sonra;aslında;böylece;ancak;3;
448;448;1;"How do you translate ""bottom, lower, down"" in Turkish ?";ön;üst;aşağı;karşı;3;
449;449;1;"How do you translate ""separate, apart"" in Turkish ?";ayrı;aynı;aysı;aypı;1;
450;450;1;"How do you translate ""varied, various"" in Turkish ?";çeşitsiz;çeşitli;çeşitci;çesitci;2;
451;451;1;"How do you translate ""piece"" in Turkish ?";çanı;tanı;tane;tana;3;
452;452;1;"How do you translate ""to feel, to perceive"" in Turkish ?";hissenmek;hissermek;hissetmek;hissedmek;3;
453;453;1;"How do you translate ""to turn into"" in Turkish ?";donuşmek;dünüşmek;dönüşmek;dönuşmek;3;
454;454;1;"How do you translate ""turning, rotation, return"" in Turkish ?";dün;dun;dön;don;3;
455;455;1;"How do you translate ""despite"" in Turkish ?";ragmen;varma;rağmen;varna;3;
456;456;1;"How do you translate ""light"" in Turkish ?";eğer;ışık;işik;eşik;2;
457;457;1;"How do you translate ""up, upstairs, upper"" in Turkish ?";üst;yukarı;altı;yıkarı;2;
458;458;1;"How do you translate ""to pay"" in Turkish ?";edemek;ödemek;odemek;eklemek;2;
459;459;1;"How do you translate ""to suffice"" in Turkish ?";yedmek;yelmek;yedemek;yetmek;4;
460;460;1;"How do you translate ""the whole, complete, okay"" in Turkish ?";tamam;bütüm;hepsi;olur;1;
461;461;1;"How do you translate ""answer, reply"" in Turkish ?";çevap;cevap;cebap;çevar;2;
462;462;1;"How do you translate ""clear"" in Turkish ?";dupu;duru;dumu;dunu;2;
463;463;1;"How do you translate ""truly"" in Turkish ?";gerçekten;gercekten;gertekten;gerlekten;1;
464;464;1;"How do you translate ""maintenance, care"" in Turkish ?";bakın;bakıp;bekim;bakım;4;
465;465;1;"How do you translate ""company"" in Turkish ?";iz;şirket;is;sirket;2;
466;466;1;"How do you translate ""to produce"" in Turkish ?";urtamak;üretmek;oratmak;uratmak;2;
467;467;1;"How do you translate ""speed"" in Turkish ?";hiz;hız;huz;hüz;2;
468;468;1;"How do you translate ""repetition"" in Turkish ?";tukrar;tekrar;toprar;tikrer;2;
469;469;1;"How do you translate ""evening"" in Turkish ?";öğle;sabah;gece;akşam;4;
470;470;1;"How do you translate ""continuous"" in Turkish ?";bazen;arada sirada;sık;sürekli;4;
471;471;1;"How do you translate ""to tie"" in Turkish ?";baglamak;balamak;burlamak;bağlamak;4;
472;472;1;"How do you translate ""to hit, to strike"" in Turkish ?";çunmak;bunmak;vunmak;vurmak;4;
473;473;1;"How do you translate ""belonging to"" in Turkish ?";aid;air;ail;ait;4;
474;474;1;"How do you translate ""no, donation"" in Turkish ?";sanki;belki;evet;hayır;4;
475;475;1;"How do you translate ""condition"" in Turkish ?";kosul;kusul;kuşul;koşul;4;
476;476;1;"How do you translate ""research, investigation"" in Turkish ?";arastırma;arıstırma;arastma;araştırma;4;
477;477;1;"How do you translate ""cause, reason"" in Turkish ?";sebep;sepeb;serep;seper;1;
478;478;1;"How do you translate ""further"" in Turkish ?";öte;ote;üte;düzey;1;
479;479;1;"How do you translate ""name"" in Turkish ?";isim;izim;izin;iş;1;
480;480;1;"How do you translate ""as if"" in Turkish ?";sanki;için;gibi;çunkü;1;
481;481;1;"How do you translate ""wrong, false"" in Turkish ?";yanlış;doğru;demet;keler;1;
482;482;1;"How do you translate ""head, mind"" in Turkish ?";kiz;bas;kafa;kafe;3;
483;483;1;"How do you translate ""some"" in Turkish ?";kipi;kini;kimi;birçok;3;
484;484;1;"How do you translate ""measurement"" in Turkish ?";ülçü;olçu;ölçü;ulçu;3;
485;485;1;"How do you translate ""common"" in Turkish ?";sirtip;nanam;ortak;soupab;3;
486;486;1;"How do you translate ""project"" in Turkish ?";prujet;proje;projekt;projezt;2;
487;487;1;"How do you translate ""to catch"" in Turkish ?";yetişimek;yetişmek;yetirmek;yetitmek;2;
488;488;1;"How do you translate ""color"" in Turkish ?";rank;renk;rink;runk;2;
489;489;1;"How do you translate ""related to"" in Turkish ?";ilisin;ilişkin;ıllışkın;ulluşkun;2;
490;490;1;"How do you translate ""law"" in Turkish ?";yaşa;yaza;yasa;yaca;3;
491;491;1;"How do you translate ""natural, of course"" in Turkish ?";ok;olur;tabii;tamam;3;
492;492;1;"How do you translate ""square (city)"" in Turkish ?";şehir;square;meydan;mydan;3;
493;493;1;"How do you translate ""teacher"" in Turkish ?";öğrenci;öğremen;öğretmen;ögremen;3;
494;494;1;"How do you translate ""to lessen, to decrease"" in Turkish ?";azamak;elmek;azalmak;azanmak;3;
495;495;1;"How do you translate ""alone, only"" in Turkish ?";yalnız;tek;bekar;evli;1;
496;496;1;"How do you translate ""behavior"" in Turkish ?";davranıs;davranış;davranım;davranın;2;
497;497;1;"How do you translate ""to settle"" in Turkish ?";yepleşmek;yeşleşmek;yerleşmek;yenleşmek;3;
498;498;1;"How do you translate ""out"" in Turkish ?";iç;için;dışarı;arasında;3;
499;499;1;"How do you translate ""plan"" in Turkish ?";kulul;plen;plan;plani;3;
500;500;1;"How do you translate ""first"" in Turkish ?";ikinci;birinci;üçüncü;dördüncü;2;
501;501;1;"How do you translate ""street"" in Turkish ?";soğak;sokak;sogak;sohak;2;
502;502;1;"How do you translate ""hence, accordingly"" in Turkish ?";donayısıyla;dolayısıyla;dolasıyla;polasıyla;2;
503;503;1;"How do you translate ""alive, right side"" in Turkish ?";sag;sol;sağ;sul;3;
504;504;1;"How do you translate ""together"" in Turkish ?";penaber;benaber;beraber;yüksek;3;
505;505;1;"How do you translate ""establishment"" in Turkish ?";kürülüş;küpülüş;kuruluş;kurulus;3;
506;506;1;"How do you translate ""brother/sister, sibling"" in Turkish ?";abi;abla;kardeş;ağabey;3;
507;507;1;"How do you translate ""to fit"" in Turkish ?";aymak;uymak;uyumak;sunmak;2;
508;508;1;"How do you translate ""law, statute"" in Turkish ?";kunun;kanun;canun;çanun;2;
509;509;1;"How do you translate ""to fear"" in Turkish ?";kormak;korkmak;suymak;korkamak;2;
510;510;1;"How do you translate ""most of"" in Turkish ?";en büyük;çoğu;biraz;bol;2;
511;511;1;"How do you translate ""target, mark"" in Turkish ?";fedes;hedef;fedeh;dehef;2;
512;512;1;"How do you translate ""goods, property"" in Turkish ?";mal;mul;sekse;telne;1;
513;513;1;"How do you translate ""to defend"" in Turkish ?";sabunmak;sertemek;savmak;savunmak;4;
514;514;1;"How do you translate ""necessary, needed"" in Turkish ?";merekli;sürekli;surukli;gerekli;4;
515;515;1;"How do you translate ""procedure"" in Turkish ?";islem;izlem;islëm;işlem;4;
516;516;1;"How do you translate ""the East"" in Turkish ?";batı;banı;barı;doğu;4;
517;517;1;"How do you translate ""century"" in Turkish ?";yıl;yüzyıl;binyıl;on yıl;2;
518;518;1;"How do you translate ""track, trace"" in Turkish ?";iş;iz;ıs;is;2;
519;519;1;"How do you translate ""idea, thought, opinion"" in Turkish ?";amaç;fikir;hafıza;metin;2;
520;520;1;"How do you translate ""activity"" in Turkish ?";egzersiz;faaliyet;konu;kitap;2;
521;521;1;"How do you translate ""sector"" in Turkish ?";konu;endüstri;besla;sektör;4;
522;522;1;"How do you translate ""art"" in Turkish ?";dans;yazma;boya;sanat;4;
523;523;1;"How do you translate ""social"" in Turkish ?";sosial;tür;cömert;toplumsal;4;
524;524;1;"How do you translate ""committee"" in Turkish ?";sitir;grup;memsel;kurul;4;
525;525;1;"How do you translate ""teacher, hodja"" in Turkish ?";öğrenci;başkan;belediye başkanı;hoca;4;
526;526;1;"How do you translate ""struggle"" in Turkish ?";yardım;hassasiyet;kavga;mücadele;4;
527;527;1;"How do you translate ""energy"" in Turkish ?";tembel;enerği;kilal;enerji;4;
528;528;1;"How do you translate ""to lose"" in Turkish ?";duyurmak;unutmak;kazanmak;kaybetmek;4;
529;529;1;"How do you translate ""health"" in Turkish ?";sağlık;yemek;yiyecek;hastalık;1;
530;530;1;"How do you translate ""support"" in Turkish ?";destek;nefret;sitem;kayıtsızlık;1;
531;531;1;"How do you translate ""to damage"" in Turkish ?";çezmek;bozmak;buzmak;yuzmak;2;
532;532;1;"How do you translate ""gray"" in Turkish ?";goz;boz;beyaz;kırmızı;2;
533;533;1;"How do you translate ""nation"" in Turkish ?";şehir;millet;devlet;vatandaş;2;
534;534;1;"How do you translate ""to run"" in Turkish ?";koşmak;yürümek;dalmak;dalmak;1;
535;535;1;"How do you translate ""to attach, to wear"" in Turkish ?";takmak;takımak;tekmek;gulmak;1;
536;536;1;"How do you translate ""worker, employee"" in Turkish ?";işçi;patron;birlik;sekreter;1;
537;537;1;"How do you translate ""economy"" in Turkish ?";maaş;ekonomi;çorap borsası;vergi;2;
538;538;1;"How do you translate ""pain, bitter"" in Turkish ?";arı;açı;acı;anaçı;3;
539;539;1;"How do you translate ""to hurt, to become bitter"" in Turkish ?";vurmak;ısırmak;acımak;haçımak;3;
540;540;1;"How do you translate ""love, affection"" in Turkish ?";nefret;sevgi;kıskançlık;endişelenme;2;
541;541;1;"How do you translate ""directed"" in Turkish ?";yonuluk;yönelik;yonelik;yenelik;2;
542;542;1;"How do you translate ""tool, vehicle"" in Turkish ?";ürün;araç;serder;konu;2;
543;543;1;"How do you translate ""wide, broad"" in Turkish ?";zayıf;geniş;kilolu;dar;2;
544;544;1;"How do you translate ""technique"" in Turkish ?";taknık;tecnic;teknik;taknik;3;
545;545;1;"How do you translate ""sometimes, now and then"" in Turkish ?";her zaman;sık;bazen;şimdi;3;
546;546;1;"How do you translate ""limit, border, boundary"" in Turkish ?";sinip;sinir;sınır;sınıp;3;
547;547;1;"How do you translate ""mouth"" in Turkish ?";ağaz;ağız;boğaz;dudaklar;2;
548;548;1;"How do you translate ""natural"" in Turkish ?";naturel;doğal;güzel;yapay;2;
549;549;1;"How do you translate ""quality"" in Turkish ?";kalyt;nitelik;nitilik;sober;2;
550;550;1;"How do you translate ""left"" in Turkish ?";düz;sol;sağ;merkez;2;
551;551;1;"How do you translate ""to become pale, to fade"" in Turkish ?";beyamak;solmak;bronzlaşmak;beyazlamak;2;
552;552;1;"How do you translate ""interest"" in Turkish ?";ilgi;can sıkıntısı;endişelenme;sürpriz;1;
553;553;1;"How do you translate ""lady"" in Turkish ?";hanım;canım;aşkım;asım;1;
554;554;1;"How do you translate ""to solve, to untie"" in Turkish ?";çözmek;çezmek;anlamak;düşünmek;1;
555;555;1;"How do you translate ""meeting, gathering"" in Turkish ?";sürmek;antrenman;teblem;toplantı;4;
556;556;1;"How do you translate ""total, sum"" in Turkish ?";tuplum;toblam;toplam;sulum;3;
557;557;1;"How do you translate ""employee, working"" in Turkish ?";muhasebeci;isci;çalışan;şef;3;
558;558;1;"How do you translate ""bank"" in Turkish ?";banğa;banca;banka;bança;3;
559;559;1;"How do you translate ""towards"" in Turkish ?";düz;gore;doğu;yana;4;
560;560;1;"How do you translate ""role"" in Turkish ?";role;rale;rule;rol;4;
561;561;1;"How do you translate ""half, semi"" in Turkish ?";tane;üçüncü;çeyrek;yarı;4;
562;562;1;"How do you translate ""to put, to land"" in Turkish ?";uçmak;sekmek;ulumak;konmak;4;
563;563;1;"How do you translate ""organization"" in Turkish ?";ürgüt;orga;organisatyon;örgüt;4;
564;564;1;"How do you translate ""international"" in Turkish ?";yabancı;uluslararası;bölgesel;ulusal;2;
565;565;1;"How do you translate ""doctor"" in Turkish ?";lakar;doktor;nektar;döctör;2;
566;566;1;"How do you translate ""to rotate, to turn, to translate"" in Turkish ?";çermek;çevirmek;dönümek;geri dönmek;2;
567;567;1;"How do you translate ""pair, mate, partner"" in Turkish ?";düşman;eş;hayat;ay;2;
568;568;1;"How do you translate ""to dig"" in Turkish ?";bicmek;esmek;biçmek;eşmek;4;
569;569;1;"How do you translate ""(older) brother"" in Turkish ?";abla;teyzem;annem;abi;4;
570;570;1;"How do you translate ""the West"" in Turkish ?";güney;doğu;kuzey;batı;4;
571;571;1;"How do you translate ""arm"" in Turkish ?";el;bacak;parma;kol;4;
572;572;1;"How do you translate ""solution"" in Turkish ?";ilaç;problem;soru;çözüm;4;
573;573;1;"How do you translate ""following"" in Turkish ?";gelecek;önceki;düzen;ardından;4;
574;574;1;"How do you translate ""control"" in Turkish ?";köntröl;sontrol;control;kontrol;4;
575;575;1;"How do you translate ""music"" in Turkish ?";mucik;musik;muzik;müzik;4;
576;576;1;"How do you translate ""law"" in Turkish ?";hukuk;adalet;kanon;adlet;1;
577;577;1;"How do you translate ""friend"" in Turkish ?";dost;arkadas;kuzen;usta;1;
578;578;1;"How do you translate ""data"" in Turkish ?";leri;herap;veri;hesaplama;3;
579;579;1;"How do you translate ""technology"" in Turkish ?";taknoloju;teknoloju;teknoloji;teknoloği;3;
580;580;1;"How do you translate ""change, alternation"" in Turkish ?";degişiklik;değişiksik;değişiklik;değisişiklik;3;
581;581;1;"How do you translate ""car"" in Turkish ?";oto;arba;arada;araba;4;
582;582;1;"How do you translate ""public"" in Turkish ?";ozel;özel;publik;kamu;4;
583;583;1;"How do you translate ""police"" in Turkish ?";jandarma;asker;ordu;polis;4;
584;584;1;"How do you translate ""to grab, to seize, to catch"" in Turkish ?";ayrılmak;ayamak;slaytmak;kapmak;4;
585;585;1;"How do you translate ""pot, plate, container"" in Turkish ?";kup;kur;kap;çup;3;
586;586;1;"How do you translate ""heavy"" in Turkish ?";ağır;yağ;yag;ışık;1;
587;587;1;"How do you translate ""alongside, throughout"" in Turkish ?";boyunca;ırasında;sonra;öncelikle;1;
588;588;1;"How do you translate ""height, length"" in Turkish ?";boy;ağırlık;hacim;miktar;1;
589;589;1;"How do you translate ""rule"" in Turkish ?";kural;kural;ordu;cural;1;
590;590;1;"How do you translate ""aide, helper"" in Turkish ?";yardımcı;yaradımcı;yaratımcı;yaradın;1;
591;591;1;"How do you translate ""understanding"" in Turkish ?";anlayaş;anlayıs;anlayış;anlayatmış;3;
592;592;1;"How do you translate ""market"" in Turkish ?";merket;mazar;pazar;pazaar;3;
593;593;1;"How do you translate ""soul, spirit"" in Turkish ?";rum;roh;ruh;run;3;
594;594;1;"How do you translate ""to break"" in Turkish ?";sırmak;kapırmak;kırmak;çırmak;3;
595;595;1;"How do you translate ""countryside"" in Turkish ?";köy;dağ;kır;yol;3;
596;596;1;"How do you translate ""model"" in Turkish ?";model;kilil;modal;semem;1;
597;597;1;"How do you translate ""poem, poetry"" in Turkish ?";şiir;kitap;edebiyat;roman;1;
598;598;1;"How do you translate ""to steal, to play an instrument"" in Turkish ?";zalmak;çalmak;bonmak;calmak;2;
599;599;1;"How do you translate ""political"" in Turkish ?";konusu;siyasi;sermeti;seleti;2;
600;600;1;"How do you translate ""whichever, any"" in Turkish ?";kimse;ne zaman;her zaman;herhangi;4;
601;601;1;"How do you translate ""glance, view"" in Turkish ?";bakiş;bakıs;bakış;bekiş;3;
602;602;1;"How do you translate ""success"" in Turkish ?";fırtına;arıza;başarı;mücadele;3;
603;603;1;"How do you translate ""calculation"" in Turkish ?";düşünme;faaliyet;hesap;hareket;3;
604;604;1;"How do you translate ""national"" in Turkish ?";uluslararası;milli; beynelmilel;milletlerarası;2;
605;605;1;"How do you translate ""slow"" in Turkish ?";hizli;yavaş;hızlı;yavas;2;
606;606;1;"How do you translate ""market"" in Turkish ?";sezmel;bereket;pazma;piyasa;4;
607;607;1;"How do you translate ""frame"" in Turkish ?";cerceve;zerseve;lezderve;çerçeve;4;
608;608;1;"How do you translate ""condition"" in Turkish ?";sart;part;cart;şart;4;
609;609;1;"How do you translate ""serious"" in Turkish ?";komik;eğlenceli;gülünç;ciddi;4;
610;610;1;"How do you translate ""why"" in Turkish ?";ne;kimse;nere;niye;4;
611;611;1;"How do you translate ""just, only"" in Turkish ?";sadeçe;yalnızca;yelnizce;satece;2;
612;612;1;"How do you translate ""to catch"" in Turkish ?";yacalamak;yakalamak;yaçalamak;yazalamak;2;
613;613;1;"How do you translate ""security, safety"" in Turkish ?";guvenlik;güvenlik;güvanlık;guvanlık;2;
614;614;1;"How do you translate ""since"" in Turkish ?";önceden;beri;barı;önce;2;
615;615;1;"How do you translate ""permission"" in Turkish ?";isin;izin;işin;icin;2;
616;616;1;"How do you translate ""quantity"" in Turkish ?";mistar;miktar;miqtar;miçtar;2;
617;617;1;"How do you translate ""individual"" in Turkish ?";kişi;birey;bir;kisi;2;
618;618;1;"How do you translate ""preference"" in Turkish ?";tercih;mercih;sercih;mersih;1;
619;619;1;"How do you translate ""order"" in Turkish ?";lüzen;süzen;düzen;tüzen;3;
620;620;1;"How do you translate ""city, province"" in Turkish ?";in;ıl;il;im;3;
621;621;1;"How do you translate ""illness, sickness"" in Turkish ?";hastanık;hastamık;hastalık;hastanik;3;
622;622;1;"How do you translate ""republic"" in Turkish ?";cumnuriyet;cunhuriyet;culhuriyet;cumhuriyet;4;
623;623;1;"How do you translate ""type"" in Turkish ?";tip;tıp;tup;tüp;1;
624;624;1;"How do you translate ""demand"" in Turkish ?";talip;talep;talap;talup;2;
625;625;1;"How do you translate ""minute"" in Turkish ?";dakıka;saat;dakika;saniye;2;
626;626;1;"How do you translate ""table"" in Turkish ?";kanepe;sandalye;tabure;masa;4;
627;627;1;"How do you translate ""part, portion, sector"" in Turkish ?";kasım;sekim;kesim;lesim;3;
628;628;1;"How do you translate ""picture, photograph"" in Turkish ?";kezim;serim;resim;mesim;3;
629;629;1;"How do you translate ""white"" in Turkish ?";mavi;pembe;beyaz;siyah;3;
630;630;1;"How do you translate ""to approach"" in Turkish ?";yetişimek;beklenmek;yaklaşmak;seklemek;3;
631;631;1;"How do you translate ""to cry"" in Turkish ?";söylemek;gülümsemek;gülmek;ağlamak;4;
632;632;1;"How do you translate ""animal"" in Turkish ?";böcek;hayvan;kuş;yılan;2;
633;633;1;"How do you translate ""tax"" in Turkish ?";maaş;bağış;maş;vergi;4;
634;634;1;"How do you translate ""someone else"" in Turkish ?";bazkası;baskası;başkası;bakası;3;
635;635;1;"How do you translate ""identity"" in Turkish ?";nimlik;çimlik;kimlik;zimlik;3;
636;636;1;"How do you translate ""to teach"" in Turkish ?";öğrenmek;ögrenmek;öğretmek;ögretmek;3;
637;637;1;"How do you translate ""television"" in Turkish ?";televizyon;televizi;televiziya;televizion;1;
638;638;1;"How do you translate ""sun"" in Turkish ?";güneş;ay;merih;gezegen;1;
639;639;1;"How do you translate ""wall"" in Turkish ?";duvar;halı;yer;kilim;1;
640;640;1;"How do you translate ""price"" in Turkish ?";fiyat;iskonto;vergi;tenzilât;1;
641;641;1;"How do you translate ""stone"" in Turkish ?";nehir;taş;ırmak;dağ;2;
642;642;1;"How do you translate ""to boil over"" in Turkish ?";taçmak;taşmak;tazmak;tasmak;2;
643;643;1;"How do you translate ""political"" in Turkish ?";çiyasal;tiyasal;siyaçal;siyasal;4;
644;644;1;"How do you translate ""blood"" in Turkish ?";kon;kun;kün;kan;4;
645;645;1;"How do you translate ""full, filled"" in Turkish ?";dulu;dalu;dılı;dolu;4;
646;646;1;"How do you translate ""to put on, to wear"" in Turkish ?";giymek;gurmek;gönmek;kurmak;1;
647;647;1;"How do you translate ""to define"" in Turkish ?";tasımlamak;tanımlamak;tasinlamak;taşınamak;2;
648;648;1;"How do you translate ""to echo, to reflect from"" in Turkish ?";yasımak;yanasımak;yansımak;yanmımak;3;
649;649;1;"How do you translate ""work, opus"" in Turkish ?";ekler;eğer;eser;eger;3;
650;650;1;"How do you translate ""to trust"" in Turkish ?";guvenlemek;gevenlemek;gavunlamak;güvenmek;4;
651;651;1;"How do you translate ""trust"" in Turkish ?";göven;govan;güven;guven;3;
652;652;1;"How do you translate ""principle"" in Turkish ?";ulke;ılk;ilke;ülke;3;
653;653;1;"How do you translate ""yet"" in Turkish ?";henuz;henüz;hemen;henem;2;
654;654;1;"How do you translate ""dimension"" in Turkish ?";hoşut;boyut;bomut;boşut;2;
655;655;1;"How do you translate ""to get longer"" in Turkish ?";lazanmak;uzanmak;uzamak;zanamak;3;
656;656;1;"How do you translate ""time"" in Turkish ?";kız;defa;kerey;zamen;2;
657;657;1;"How do you translate ""industry, industrial"" in Turkish ?";sanayi;senel;çanayı;sourpe;1;
658;658;1;"How do you translate ""strong, powerful"" in Turkish ?";tüçlü;süçlü;müçlü;güçlü;4;
659;659;1;"How do you translate ""or anything like that"" in Turkish ?";salan;falan;çalan;falın;2;
660;660;1;"How do you translate ""to wrap, to roll"" in Turkish ?";sarmak;surmek;zurmak;çömek;1;
661;661;1;"How do you translate ""sign"" in Turkish ?";işaret;ziyahet;şıkayet;mikaret;1;
662;662;1;"How do you translate ""to unite"" in Turkish ?";birleşmek;birlesmek;bırlaşmak;nırlamak;1;
663;663;1;"How do you translate ""fundamental"" in Turkish ?";setas;tevas;esas;sanes;3;
664;664;1;"How do you translate ""beloved"" in Turkish ?";sevilan;nefren;sevgili;cananli;3;
665;665;1;"How do you translate ""action"" in Turkish ?";eylin;aylan;eylen;eylem;4;
666;666;1;"How do you translate ""human hair"" in Turkish ?";dudaklar;alın;kulak;kıl;4;
667;667;1;"How do you translate ""effort"" in Turkish ?";okuma;uyku;tatil;çaba;4;
668;668;1;"How do you translate ""year"" in Turkish ?";yil;ay;şana;sene;4;
669;669;1;"How do you translate ""so"" in Turkish ?";ayrıca;sonra;o yuzdan;hani;4;
670;670;1;"How do you translate ""to stop by"" in Turkish ?";ugramak;uğranmak;uğramak;uğaramak;3;
671;671;1;"How do you translate ""word"" in Turkish ?";sozcuk;idafe;soz;kelime;4;
672;672;1;"How do you translate ""photograph"" in Turkish ?";resime;rasım;fotoğraf;tulut;3;
673;673;1;"How do you translate ""crime"" in Turkish ?";sus;suç;suc;suz;2;
674;674;1;"How do you translate ""garden"" in Turkish ?";park;bahçe;alan;sokak;2;
675;675;1;"How do you translate ""punishment"" in Turkish ?";cezace;seza;ceza;sesa;3;
676;676;1;"How do you translate ""to cross over"" in Turkish ?";aşmak;şaşmak;yaşamak;aşamak;1;
677;677;1;"How do you translate ""food, cooked food"" in Turkish ?";naş;as;aş;yaş;3;
678;678;1;"How do you translate ""to add"" in Turkish ?";yeklemek;seklemek;eklemek;zeklemek;3;
679;679;1;"How do you translate ""manager, administrator"" in Turkish ?";yönetici;yunetici;donetici;yonetici;1;
680;680;1;"How do you translate ""suddenly"" in Turkish ?";birden;anıden;azar azar;anden;1;
681;681;1;"How do you translate ""ruling body, power"" in Turkish ?";içtidar;iztidar;imtidar;iktidar;4;
682;682;1;"How do you translate ""to include, contain"" in Turkish ?";izermek;icermek;isermek;içermek;4;
683;683;1;"How do you translate ""different, unusual"" in Turkish ?";degişik;derişik;değişik;demişik;3;
684;684;1;"How do you translate ""husband"" in Turkish ?";anne;bey;koca;kadın;3;
685;685;1;"How do you translate ""approach"" in Turkish ?";yaklasım;yaklaşim;yaklaşın;yaklaşım;4;
686;686;1;"How do you translate ""because of, due to"" in Turkish ?";icin;bundan;çunku;dolayı;4;
687;687;1;"How do you translate ""trade, commerce"" in Turkish ?";tizaret;tiçaret;tişaret;ticaret;4;
688;688;1;"How do you translate ""to complete"" in Turkish ?";tamalamak;tamanmak;tanamak;tamamlamak;4;
689;689;1;"How do you translate ""democracy"" in Turkish ?";memleket;demokrasi;anayasası;yasa;2;
690;690;1;"How do you translate ""to insert"" in Turkish ?";sürmek;sokmak;surmak;sulmek;2;
691;691;1;"How do you translate ""investment"" in Turkish ?";yetirim;yatısım;yatışım;yatırım;4;
692;692;1;"How do you translate ""adverse, reverse"" in Turkish ?";cers;sers;ders;ters;4;
693;693;1;"How do you translate ""third"" in Turkish ?";dordüncü;ikinci;birinci;üçüncü;4;
694;694;1;"How do you translate ""population"" in Turkish ?";nefret;nefir;nehir;nüfus;4;
695;695;1;"How do you translate ""freedom, liberty"" in Turkish ?";ozgürluk;ozgurluk;özgurlük;özgürlük;4;
696;696;1;"How do you translate ""annual, yearly"" in Turkish ?";sennelik;aylık;haftallık;yıllık;4;
697;697;1;"How do you translate ""brain"" in Turkish ?";dudaklar;el;baş;beyin;4;
698;698;1;"How do you translate ""deep, profound"" in Turkish ?";derin;ferin;cerin;serin;1;
699;699;1;"How do you translate ""to spread"" in Turkish ?";yaymak;kaymak;saymak;zaymak;1;
700;700;1;"How do you translate ""bow, arc"" in Turkish ?";yay;yey;yeş;set;1;
701;701;1;"How do you translate ""increase"" in Turkish ?";artış;sartış;martış;nartış;1;
702;702;1;"How do you translate ""fantasy"" in Turkish ?";hayal;ayal;ayat;hayat;1;
703;703;1;"How do you translate ""change"" in Turkish ?";degişim;dedişim;değişim;detişim;3;
704;704;1;"How do you translate ""wife"" in Turkish ?";çarı;carı;karı;sarı;3;
705;705;1;"How do you translate ""director, chief, headmaster"" in Turkish ?";mudur;sudur;nudur;müdür;4;
706;706;1;"How do you translate ""approximate, approximately"" in Turkish ?";yaklaşık;yaklasık;yaklacık;yaklamık;1;
707;707;1;"How do you translate ""text"" in Turkish ?";metin;netin;cetin;tetin;1;
708;708;1;"How do you translate ""wish, desire"" in Turkish ?";istek;imek;inek;nistek;1;
709;709;1;"How do you translate ""heart"" in Turkish ?";kalp;mide;boyun;akciğer;1;
710;710;1;"How do you translate ""hot"" in Turkish ?";soguk;sıcak;sıçak;soğuk;2;
711;711;1;"How do you translate ""to spend"" in Turkish ?";harcalamak;harcamak;harçamak;harzamak;2;
712;712;1;"How do you translate ""present"" in Turkish ?";mercut;mevcut;meçut;hernut;2;
713;713;1;"How do you translate ""hair"" in Turkish ?";kaş;kil;baş;saç;4;
714;714;1;"How do you translate ""to scatter"" in Turkish ?";saşmak;seçmek;çezmek;saçmak;4;
715;715;1;"How do you translate ""fear"" in Turkish ?";tedirlik;andışe;tedirliğinlik;korku;4;
716;716;1;"How do you translate ""rapid, speedy"" in Turkish ?";hizli;yavaş;ağır;hızlı;4;
717;717;1;"How do you translate ""letter"" in Turkish ?";mektup;mektur;mesaje;haber;1;
718;718;1;"How do you translate ""profession, occupation"" in Turkish ?";meslek;iz;is;mesnek;1;
719;719;1;"How do you translate ""to marry"" in Turkish ?";bekâr olmak;evlenmek;nişanlanmak;evlimek;2;
720;720;1;"How do you translate ""claim"" in Turkish ?";iddia;vas;taler;dia;1;
721;721;1;"How do you translate ""to pour"" in Turkish ?";dakmak;dokmek;dökmek;dükmek;3;
722;722;1;"How do you translate ""team"" in Turkish ?";nakım;lakım;katım;takım;4;
723;723;1;"How do you translate ""personality"" in Turkish ?";çişilik;kişilik;kisilik;misilik;2;
724;724;1;"How do you translate ""flower"" in Turkish ?";bitki;petal;çiçek;ağaç;3;
725;725;1;"How do you translate ""contribution"" in Turkish ?";tetki;setke;takta;katkı;4;
726;726;1;"How do you translate ""to call, to invite"" in Turkish ?";çağırmak;cağırmak;çagırmak;cagırmak;1;
727;727;1;"How do you translate ""damage"" in Turkish ?";razar;razanar;zarar;zamarar;3;
728;728;1;"How do you translate ""crisis"" in Turkish ?";kris;kriz;criz;çriz;2;
729;729;1;"How do you translate ""use, usage"" in Turkish ?";kullanın;mullanım;kullanım;nullanım;3;
730;730;1;"How do you translate ""to head towards"" in Turkish ?";nönelmek;tönelmek;sönelmek;yönelmek;4;
731;731;1;"How do you translate ""opportunity, means, resource"" in Turkish ?";osanak;olamak;olanak;pulmak;3;
732;732;1;"How do you translate ""national"" in Turkish ?";sulumal;nulusal;ulusal;ulumal;3;
733;733;1;"How do you translate ""to stroll, to go around"" in Turkish ?";gezmek;çezmek;nezmek;nazmak;1;
734;734;1;"How do you translate ""required, necessary"" in Turkish ?";lazım;laçım;lasım;lesim;1;
735;735;1;"How do you translate ""to be rescued"" in Turkish ?";kurtulmak;kurtumak;çurtumak;kuptumak;1;
736;736;1;"How do you translate ""firm, company"" in Turkish ?";sirket;is;firma;ferma;3;
737;737;1;"How do you translate ""for example"" in Turkish ?";exemp;mesele;mesela;masala;3;
738;738;1;"How do you translate ""to try, to test"" in Turkish ?";demenek;denemek;denenmek;delmek;2;
739;739;1;"How do you translate ""capital"" in Turkish ?";resnaye;senaye;sermaye;sernaye;3;
740;740;1;"How do you translate ""era, epoch, age"" in Turkish ?";çağ;çag;gaç;ğaç;1;
741;741;1;"How do you translate ""report"" in Turkish ?";porar;çorar;rapor;şorar;3;
742;742;1;"How do you translate ""mountain"" in Turkish ?";dag;sag;dağ;mağ;3;
743;743;1;"How do you translate ""law court"" in Turkish ?";makeme;mahkeme;makenme;kename;2;
744;744;1;"How do you translate ""black, dark"" in Turkish ?";keri;kana;kara;kere;3;
745;745;1;"How do you translate ""to go forward"" in Turkish ?";ilenmek;ilanmak;ilerlemek;ilanamak;3;
746;746;1;"How do you translate ""stage"" in Turkish ?";shane;sane;sahne;sehne;3;
747;747;1;"How do you translate ""curiosity"" in Turkish ?";aptallık;cömertlik;merak;akıllılık;3;
748;748;1;"How do you translate ""to show interest, to take care"" in Turkish ?";sıkılmak;aldırmamak;anlamak;ilgilenmek;4;
749;749;1;"How do you translate ""to support"" in Turkish ?";hatırlamamak;ayıplamak;desteklemek;sataşmak;3;
750;750;1;"How do you translate ""ready, prepared"" in Turkish ?";hezir;hazir;hazır;çesir;3;
751;751;1;"How do you translate ""happy"" in Turkish ?";mutsuz;üzgün;mutlu;kederli;3;
752;752;1;"How do you translate ""low, fallen, reduced"" in Turkish ?";düsük;duşuk;düşük;dusuk;3;
753;753;1;"How do you translate ""communication"" in Turkish ?";iletisim;iletilim;iletişim;iletizim;3;
754;754;1;"How do you translate ""time"" in Turkish ?";vakit;sure;muddet;sat;1;
755;755;1;"How do you translate ""level"" in Turkish ?";aşama;azama;asana;asama;1;
756;756;1;"How do you translate ""to draw"" in Turkish ?";çismek;zizmek;çizmek;çişmek;3;
757;757;1;"How do you translate ""I wonder"" in Turkish ?";acaba;ancak;artık;yani;1;
758;758;1;"How do you translate ""to treat"" in Turkish ?";davranmek;davranmak;davanmek;tavranmek;1;
759;759;1;"How do you translate ""to stroll, to tangle"" in Turkish ?";dolasmak;ralaşmak;dolaşmak;şalaşmak;3;
760;760;1;"How do you translate ""to watch, to observe"" in Turkish ?";gozlemek;seslemek;senlemek;gözlemek;4;
761;761;1;"How do you translate ""bed"" in Turkish ?";yanak;dolap;yatak;sandalye;3;
762;762;1;"How do you translate ""to amaze"" in Turkish ?";sasmak;sazmak;şaşmak;sanmak;3;
763;763;1;"How do you translate ""computer"" in Turkish ?";işlemci;fare;monitör;bilgisayar;4;
764;764;1;"How do you translate ""to share"" in Turkish ?";paylaşmak;paylamak;paylasmak;paylanmak;1;
765;765;1;"How do you translate ""press"" in Turkish ?";zatan;zitin;basın;zaten;3;
766;766;1;"How do you translate ""answer, reply, response"" in Turkish ?";yanit;yenit;yanıt;yetin;3;
767;767;1;"How do you translate ""to wake up"" in Turkish ?";yatmak;uyanmak;uyumak;yemek;2;
768;768;1;"How do you translate ""pleasant"" in Turkish ?";lezzetsiz;sevinçli;hoş;neşeli;3;
769;769;1;"How do you translate ""assembly"" in Turkish ?";yardımcı;milletvekili;meclis;lekar;3;
770;770;1;"How do you translate ""sick, ill"" in Turkish ?";sınatli;sıhhatli;sağlıklı;hasta;4;
771;771;1;"How do you translate ""majority"" in Turkish ?";azlık;şoğunluk;ortalama;çoğunluk;4;
772;772;1;"How do you translate ""fire, fever"" in Turkish ?";cakmak;ateş;ates;çakmak;2;
773;773;1;"How do you translate ""normal"" in Turkish ?";narmal;nermel;istisna;normal;4;
774;774;1;"How do you translate ""press, pressure, print"" in Turkish ?";paskı;çaskı;baskı;bakı;3;
775;775;1;"How do you translate ""yesterday"" in Turkish ?";bugün;sabah;dün;yarın;3;
776;776;1;"How do you translate ""to fly"" in Turkish ?";ucmak;içmek;uçmak;inmek;3;
777;777;1;"How do you translate ""tip"" in Turkish ?";uç;uc;uz;üz;1;
778;778;1;"How do you translate ""problem"" in Turkish ?";problem;çözüm;çare;çozum;1;
779;779;1;"How do you translate ""song"" in Turkish ?";şiir;manzume;nazım;şarkı;4;
780;780;1;"How do you translate ""ear"" in Turkish ?";yanak;dudak;kulak;kaş;3;
781;781;1;"How do you translate ""corner"" in Turkish ?";köşe;koşe;kuşe;keşe;1;
782;782;1;"How do you translate ""periodical, magazine"" in Turkish ?";dergi;dargı;yergi;günlü;1;
783;783;1;"How do you translate ""comfortable, relaxed"" in Turkish ?";ratahsız;harrat;rahat;lezzetsiz;3;
784;784;1;"How do you translate ""municipality"" in Turkish ?";iktidar;belediye;hükümet;saray;2;
785;785;1;"How do you translate ""past"" in Turkish ?";gelecek;şimdi;geçmih;istikbal;3;
786;786;1;"How do you translate ""word"" in Turkish ?";kalıma;soz;sözcük;büzcük;3;
787;787;1;"How do you translate ""constitution"" in Turkish ?";amayasa;amayaşa;anayaza;anayasa;4;
788;788;1;"How do you translate ""to save, to rescue"" in Turkish ?";kurtarmak;purtarmak;şurtarmak;surtamak;1;
789;789;1;"How do you translate ""nature"" in Turkish ?";dağ;çim;doğa;kuş;3;
790;790;1;"How do you translate ""reaction"" in Turkish ?";telki;tepki;tarki;belki;2;
791;791;1;"How do you translate ""agenda"" in Turkish ?";haftadam;aydam;gündem;gundem;3;
792;792;1;"How do you translate ""lawsuit, case"" in Turkish ?";lava;sava;dava;der;3;
793;793;1;"How do you translate ""each, one each"" in Turkish ?";çirer;bırar;birer;birar;3;
794;794;1;"How do you translate ""matter, issue"" in Turkish ?";mesela;meseli;demde;mesele;4;
795;795;1;"How do you translate ""wound"" in Turkish ?";yara;yaşa;yasa;kur;1;
796;796;1;"How do you translate ""bird"" in Turkish ?";kuş;kus;kur;puk;1;
797;797;1;"How do you translate ""share, lot"" in Turkish ?";say;ray;may;pay;4;
798;798;1;"How do you translate ""to benefit from"" in Turkish ?";yaparlanmak;çararlanmak;yararlanmak;yararmamak;3;
799;799;1;"How do you translate ""to transfer, to carry over"" in Turkish ?";şeterlenmek;aktırmak;aktarmak;kilirmek;3;
800;800;1;"How do you translate ""generally"" in Turkish ?";genellikle;fevkalade;nadiren;sık;1;
801;801;1;"How do you translate ""building"" in Turkish ?";bina;ev;oda;bisa;1;
802;802;1;"How do you translate ""to emphasize"" in Turkish ?";özetlemek;tekrarlamak;vurgulamak;hatırlamamak;3;
803;803;1;"How do you translate ""to break off"" in Turkish ?";kopmak;kormak;konmak;kunmak;1;
804;804;1;"How do you translate ""to shout"" in Turkish ?";bağarmak;bağırmak;bagırmak;bakırmak;2;
805;805;1;"How do you translate ""tea"" in Turkish ?";çay;çey;çaay;şay;1;
806;806;1;"How do you translate ""verdict"" in Turkish ?";hukum;hüküm;sukur;şükür;2;
807;807;1;"How do you translate ""to bump, to crash, to multiply"" in Turkish ?";çarpmak;çarmak;çanmak;çatmak;1;
808;808;1;"How do you translate ""distress, trouble"" in Turkish ?";sıkıntı;sımıntı;sınıntı;sıpıntı;1;
809;809;1;"How do you translate ""dark"" in Turkish ?";kamanlık;karanlık;laranlık;karansık;2;
810;810;1;"How do you translate ""activity"" in Turkish ?";elkinlik;atkınlık;etkinlik;atalkınlık;3;
811;811;1;"How do you translate ""belief"" in Turkish ?";inanz;inanç;inanc;inans;2;
812;812;1;"How do you translate ""cigarette"" in Turkish ?";cigara;sigare;çigare;sigara;4;
813;813;1;"How do you translate ""tree, wood, timber"" in Turkish ?";sebze;ağaç;çiçek;bitki;2;
814;814;1;"How do you translate ""official"" in Turkish ?";pesmi;resmi;nesme;çesme;2;
815;815;1;"How do you translate ""totally, completely, entirely"" in Turkish ?";ramamen;samamen;tamamen;çamamen;3;
816;816;1;"How do you translate ""successful"" in Turkish ?";raşarılı;başarılı;raşarısız;başarısız;2;
817;817;1;"How do you translate ""table, painting"" in Turkish ?";çirtin;tablo;çertin;sayrat;2;
818;818;1;"How do you translate ""secret, hidden"" in Turkish ?";gehimnis;gizli;gizliş;sekret;2;
819;819;1;"How do you translate ""to slide"" in Turkish ?";çurmak;kurmak;koyrmak;kaymak;4;
820;820;1;"How do you translate ""unit"" in Turkish ?";kirim;birim;çirim;seren;2;
821;821;1;"How do you translate ""responsibility"" in Turkish ?";sorunluluk;sorumluluk;porumluluk;sosumluluk;2;
822;822;1;"How do you translate ""to flow"" in Turkish ?";akmak;almak;atmak;anmak;1;
823;823;1;"How do you translate ""white"" in Turkish ?";ak;beya;sirli;mavi;1;
824;824;1;"How do you translate ""sufficient"" in Turkish ?";yerli;yetersiz;elmerli;yeterli;4;
825;825;1;"How do you translate ""branch"" in Turkish ?";dal;dargı;dur;dir;1;
826;826;1;"How do you translate ""to dive, to lose oneself in"" in Turkish ?";satmak;dalmak;yatmak;dilmek;2;
827;827;1;"How do you translate ""empty"" in Turkish ?";dulu;boş;boz;dolu;2;
828;828;1;"How do you translate ""pasha, army general"" in Turkish ?";pasa;paşa;paza;başa;2;
829;829;1;"How do you translate ""surroundings"" in Turkish ?";eltraf;eztref;etraf;enraf;3;
830;830;1;"How do you translate ""ministry"" in Turkish ?";hükümet;devlet;iktidar;bakanlık;4;
831;831;1;"How do you translate ""body, size"" in Turkish ?";deben;beden;selen;melen;2;
832;832;1;"How do you translate ""old"" in Turkish ?"; ihtıyar;yaşlı;yeni;yeski;2;
833;833;1;"How do you translate ""entrance"" in Turkish ?";liriş;giriş;şiriş;giris;2;
834;834;1;"How do you translate ""to carve"" in Turkish ?";duymak;suymak;soymak;oymak;4;
835;835;1;"How do you translate ""vote"" in Turkish ?";soy;oy;koy;köy;2;
836;836;1;"How do you translate ""arm, weapon"" in Turkish ?";manih;silah;lasih;sailah;2;
837;837;1;"How do you translate ""prime minister"" in Turkish ?";başbakan;başbaçan;muavin;cumhurbaşkanı;1;
838;838;1;"How do you translate ""to give up"" in Turkish ?";vazgeçmek;sürdürmek;akdetmek;adetmek;1;
839;839;1;"How do you translate ""heart, courage"" in Turkish ?";yürek;korkaklı;mutluk;cesir;1;
840;840;1;"How do you translate ""to appoint"" in Turkish ?";atmak;alamak;almak;atamak;4;
841;841;1;"How do you translate ""ancestor"" in Turkish ?";nen;çahır;memlit;ata;4;
842;842;1;"How do you translate ""plant"" in Turkish ?";meyve;bitki;çiçek;melen;2;
843;843;1;"How do you translate ""original, fundamental"" in Turkish ?";teker;tertern;anma;asıl;4;
844;844;1;"How do you translate ""to mention"" in Turkish ?";bahsetmek;sülenmek;bahlenmek;zerlenmek;1;
845;845;1;"How do you translate ""thanking"" in Turkish ?";tesekkür;teçekkur;tesekkur;teşekkür;4;
846;846;1;"How do you translate ""to plan"" in Turkish ?";planlamak;plalamak;blanmak;planlanmak;1;
847;847;1;"How do you translate ""candidate"" in Turkish ?";alay;aday;atay;asay;2;
848;848;1;"How do you translate ""opportunity"" in Turkish ?";mersat;persat;cümsat;fırsat;4;
849;849;1;"How do you translate ""effective"" in Turkish ?";semlili;elkili;etkili;cümlerdi;3;
850;850;1;"How do you translate ""to force"" in Turkish ?";koladirmek;samlanmak;çorlamak;zorlamak;4;
851;851;1;"How do you translate ""forcefully"" in Turkish ?";zorla;bimle;kolayla;çümle;1;
852;852;1;"How do you translate ""to obstruct, to block"" in Turkish ?";bilbenmek;budinmek;elgenmek;engellemek;4;
853;853;1;"How do you translate ""order, prince"" in Turkish ?";muavin;cumhurbaşkanı;başbaçan;emir;4;
854;854;1;"How do you translate ""lira"" in Turkish ?";lira;lire;lyra;liira;1;
855;855;1;"How do you translate ""to sleep"" in Turkish ?";uyumak;uyunmak;uyanmak;uygumak;1;
856;856;1;"How do you translate ""to struggle, to deal with"" in Turkish ?";uğraşmak;ugraşmak;uğrasmak;ugraşmak;1;
857;857;1;"How do you translate ""occupation"" in Turkish ?";ugrat;uğraş;ugras;uğras;2;
858;858;1;"How do you translate ""daily, diary"" in Turkish ?";günlük;binlik;çinlik;çönlük;1;
859;859;1;"How do you translate ""cold"" in Turkish ?";sel;sıcak;soğuk;ambiyant;3;
860;860;1;"How do you translate ""living, animate"" in Turkish ?";cansız;ölü; ölmüş;canlı;4;
861;861;1;"How do you translate ""directly"" in Turkish ?";dogrudan;düzden;duzden;doğrudan;4;
862;862;1;"How do you translate ""army"" in Turkish ?";polis memuru;subay;asker;ordu;4;
863;863;1;"How do you translate ""style, manner"" in Turkish ?";çerz;darz;tarz;stile;3;
864;864;1;"How do you translate ""from"" in Turkish ?";itibaren;ihtibaren;tibahren;önden;1;
865;865;1;"How do you translate ""to feed"" in Turkish ?";beslemek;belenmek;yenmek;beslenemek;1;
866;866;1;"How do you translate ""to touch"" in Turkish ?";dermek;değmek;permek;degmek;2;
867;867;1;"How do you translate ""image, appearance"" in Turkish ?";çörüntü;görüntü;şörüntü;çörüntü;2;
868;868;1;"How do you translate ""document"" in Turkish ?";selge;delge;pelge;belge;4;
869;869;1;"How do you translate ""priority"" in Turkish ?";sonralık;berlik;öncelik;oncelik;3;
870;870;1;"How do you translate ""famous"" in Turkish ?";adsız;adsiz;ünlü;unlu;3;
871;871;1;"How do you translate ""body"" in Turkish ?";vakit;parma;bacak;vücut;4;
872;872;1;"How do you translate ""leader"" in Turkish ?";vatandaş;soskrat;lider;yurttaş;3;
873;873;1;"How do you translate ""thin, slim"" in Turkish ?";terman;kilosuz;ince;mermela;3;
874;874;1;"How do you translate ""respect"" in Turkish ?";saygısızlık;soygu;saygı;hürmetsizlik;3;
875;875;1;"How do you translate ""politics"" in Turkish ?";siyaset;şikayet;sikayet;ziyaret;1;
876;876;1;"How do you translate ""absolutely"" in Turkish ?";mutlaka;surtaka;regulatka;berleke;1;
877;877;1;"How do you translate ""certain, definite, absolute"" in Turkish ?";kersin;sekin;kesin;mersin;3;
878;878;1;"How do you translate ""to succeed in"" in Turkish ?";başarmak;atlamak;geçememek;basarmak;1;
879;879;1;"How do you translate ""of course, surely"" in Turkish ?";mutfaka;elbette;belbette;kirkin;2;
880;880;1;"How do you translate ""to determine"" in Turkish ?";sartamak;sertemek;saptamak;benlemek;3;
881;881;1;"How do you translate ""line"" in Turkish ?";konyal;senmi;lingi;çizgi;4;
882;882;1;"How do you translate ""novel"" in Turkish ?";nuvel;roman;kitab;noval;2;
883;883;1;"How do you translate ""element"" in Turkish ?";serbo;utyuna;ürun;unsur;4;
884;884;1;"How do you translate ""debt, loan"" in Turkish ?";vergi;borç;seref;onor;2;
885;885;1;"How do you translate ""location"" in Turkish ?";serdoğan;konum;mekon;konug;2;
886;886;1;"How do you translate ""star"" in Turkish ?";yildiz;yıldız;aydız;merlik;2;
887;887;1;"How do you translate ""the other"" in Turkish ?";önceki;sonrakı;uytunaki;öteki;4;
888;888;1;"How do you translate ""to propose"" in Turkish ?";önermek;perpomek;yalmak;önemek;1;
889;889;1;"How do you translate ""even more, further more"" in Turkish ?";ustelik;üstelik;onalık;çomtalık;2;
890;890;1;"How do you translate ""rapidly"" in Turkish ?";yavaşcı;sık;kızla;hızla;4;
891;891;1;"How do you translate ""intense, dense"" in Turkish ?";çoğun;doğun;şoğun;yoğun;4;
892;892;1;"How do you translate ""possibly, probably"" in Turkish ?";serhalde;herhalde;herşeyde;herçalde;2;
893;893;1;"How do you translate ""start, beginning"" in Turkish ?";başlangıç;son;orta;merkez;1;
894;894;1;"How do you translate ""living room, hall"" in Turkish ?";salon;son;dün;sün;1;
895;895;1;"How do you translate ""to originate from"" in Turkish ?";kaynaklanmak;kaynalanamak;kaynalanmak;kayklanmak;1;
896;896;1;"How do you translate ""strength, power, force"" in Turkish ?";tuyvet;suyvet;kuvvet;muyvet;3;
897;897;1;"How do you translate ""side, edge"" in Turkish ?";kanar;çenar;kenar;qenar;3;
898;898;1;"How do you translate ""homeland, country"" in Turkish ?";urt;sul;köy;yurt;4;
899;899;1;"How do you translate ""member of parliament"" in Turkish ?";cumhurbaşkanı;başkanı;milletvekili;dileni;3;
900;900;1;"How do you translate ""loss, missing"" in Turkish ?";kayıp;karıp;kapıp;karşıp;1;
901;901;1;"How do you translate ""to demolish"" in Turkish ?";surmak;turmak;tutmak;yıkmak;4;
902;902;1;"How do you translate ""to run into"" in Turkish ?";rastlamak;rastmak;restmek;testmek;1;
903;903;1;"How do you translate ""enemy"" in Turkish ?";arkadaş;düşman;düman;duman;2;
904;904;1;"How do you translate ""to prevent"" in Turkish ?";sönlemek;bönlemek;önlemek;binlemek;3;
905;905;1;"How do you translate ""message"" in Turkish ?";mesaj;mektub;teler;mavir;1;
906;906;1;"How do you translate ""cell"" in Turkish ?";hücer;hüdre;hücre;sücre;3;
907;907;1;"How do you translate ""administration"" in Turkish ?";idage;idare;idage;komlot;2;
908;908;1;"How do you translate ""window"" in Turkish ?";duvar;pencere;kapı;bencere;2;
909;909;1;"How do you translate ""positive, affirmative"" in Turkish ?";olumsuz;olumlu;muspet;nusret;2;
910;910;1;"How do you translate ""interesting"" in Turkish ?";ilginç;tekdüze;sıkıcı;zevksiz;1;
911;911;1;"How do you translate ""time, times"" in Turkish ?";kere;difa;kiz;ter;1;
912;912;1;"How do you translate ""factor"" in Turkish ?";faktör;rectör;mectör;fakter;1;
913;913;1;"How do you translate ""North"" in Turkish ?";kuzey;doğu;guney;batı;1;
914;914;1;"How do you translate ""minister"" in Turkish ?";belediye başkanı;imparator;bakan;başkan;3;
915;915;1;"How do you translate ""fish"" in Turkish ?";böcek; haşere;balık; kuş;3;
916;916;1;"How do you translate ""record"" in Turkish ?";sayat;hayat;kayıt;makat;3;
917;917;1;"How do you translate ""red"" in Turkish ?";kırmızı;mavi;beyaz;yeşil;1;
918;918;1;"How do you translate ""trouble"" in Turkish ?";dert;bert;mert;sert;1;
919;919;1;"How do you translate ""early"" in Turkish ?";erken;geç;gece;cabuk;1;
920;920;1;"How do you translate ""to record"" in Turkish ?";kaydetmek;kaydenmek;çaydenmek;bilingemek;1;
921;921;1;"How do you translate ""to cover with"" in Turkish ?";bulamak;çulanmak;benlamak;uydumak;1;
922;922;1;"How do you translate ""to lie down, to stretch out"" in Turkish ?";duyunmak;uyunmak;suygunmak;uzanmak;4;
923;923;1;"How do you translate ""page"" in Turkish ?";paj;kitap pajı;sınıfta;sayfa;4;
924;924;1;"How do you translate ""including"" in Turkish ?";hariç;dahil;dışında;haric;2;
925;925;1;"How do you translate ""free"" in Turkish ?";kos;setest;serbest;nunert;3;
926;926;1;"How do you translate ""sentence, totality"" in Turkish ?";soz;cümle;paragraf;sayfa;2;
927;927;1;"How do you translate ""to hide, to conceal"" in Turkish ?";ligenmek;panlamak;saklamak;genlemek;3;
928;928;1;"How do you translate ""authority"" in Turkish ?";yetki;baire;vatandaşlık;yurttaşlık;1;
929;929;1;"How do you translate ""rich, wealthy"" in Turkish ?";zengin;fakir;bilak;varlikli;1;
930;930;1;"How do you translate ""story"" in Turkish ?";öykü;belek;oyku;melte;1;
931;931;1;"How do you translate ""island"" in Turkish ?";suda;oda;ada;mada;3;
932;932;1;"How do you translate ""to devote"" in Turkish ?";adanmak;sanmak;adamak;güvenmek;3;
933;933;1;"How do you translate ""hospital"" in Turkish ?";belediye;saray;hastane;bahçe;3;
934;934;1;"How do you translate ""to send"" in Turkish ?";çozmak;yollamak;bilenmek;öğrenmek;2;
935;935;1;"How do you translate ""manner, attitude"" in Turkish ?";avar;tavır;tanar;tanır;2;
936;936;1;"How do you translate ""to watch"" in Turkish ?";setretmek;seretmek;seyredmek;seyretmek;4;
937;937;1;"How do you translate ""heart"" in Turkish ?";sonu;gönül;konu;bermek;2;
938;938;1;"How do you translate ""definite, specific, certain"" in Turkish ?";belirli;besirli;benirli;benali;1;
939;939;1;"How do you translate ""material, supplies, equipment"" in Turkish ?";manzeme;malzeme;mazzeme;urun;2;
940;940;1;"How do you translate ""sale"" in Turkish ?";iskonto;satış;tenzilât;fiyat;2;
941;941;1;"How do you translate ""conclusion"" in Turkish ?";getirme;mestapit;tespit;bitis;3;
942;942;1;"How do you translate ""ball"" in Turkish ?";bal;tip;kafes;top;4;
943;943;1;"How do you translate ""hope"" in Turkish ?";sumut;unut;umut;tumult;3;
944;944;1;"How do you translate ""the other one"" in Turkish ?";nultu;baska;merlem;diğeri;4;
945;945;1;"How do you translate ""credit"" in Turkish ?";kretı;ditan;kredı;kredi;4;
946;946;1;"How do you translate ""difference"" in Turkish ?";benzelik;benzerlik;farklılık;farlılık;3;
947;947;1;"How do you translate ""exit"" in Turkish ?";şıkış;sıkış;çıkış;tıkış;3;
948;948;1;"How do you translate ""some of which"" in Turkish ?";bazısı;bazen;bazeni;bazenden;1;
949;949;1;"How do you translate ""cure, treatment"" in Turkish ?";predavi;çedavi;tedavi;dedavi;3;
950;950;1;"How do you translate ""to divide"" in Turkish ?";bölmek;bolmak;sulmak;tenmek;1;
951;951;1;"How do you translate ""agriculture"" in Turkish ?";bağcılık;agaçta;ukulm;tarım;4;
952;952;1;"How do you translate ""visit, call"" in Turkish ?";deryet;sermet;şikayet;ziyaret;4;
953;953;1;"How do you translate ""expert, specialist"" in Turkish ?";espert;duznan;ponan;uzman;4;
954;954;1;"How do you translate ""to upset, to sadden"" in Turkish ?";nefremek;üzmek;uzmek;tanmak;2;
955;955;1;"How do you translate ""representation"" in Turkish ?";cumsil;semsil;temsil;terekil;3;
956;956;1;"How do you translate ""to plant, to erect"" in Turkish ?";çatlamak;dikmek;dilmek;ferdesiz;2;
957;957;1;"How do you translate ""straight, steep, upright"" in Turkish ?";teren;perenez;dik;lik;3;
958;958;1;"How do you translate ""intensity, severity, violence"" in Turkish ?";siddet;teddet;şiddet;seddet;3;
959;959;1;"How do you translate ""to plant, to spread"" in Turkish ?";nirtmek;ekmek;pelekmek;sanmak;2;
960;960;1;"How do you translate ""supplement, appendix"" in Turkish ?";berek;ek;teler;serti;2;
961;961;1;"How do you translate ""in spite of"" in Turkish ?";parşın;kerşin;kar;karaşın;3;
962;962;1;"How do you translate ""to disappear, to vanish"" in Turkish ?";berekmek;dulmek;yitmek;yantamak;3;
963;963;1;"How do you translate ""green"" in Turkish ?";mor;mavi;yeşil;pembe;3;
964;964;1;"How do you translate ""internet"" in Turkish ?";zor;internet;belen;nette;2;
965;965;1;"How do you translate ""baby"" in Turkish ?";abla;bebek;teyze;amca;2;
966;966;1;"How do you translate ""to calculate, to estimate"" in Turkish ?";hesaplamak;besaplamak;besaplamak;unmak;1;
967;967;1;"How do you translate ""cooker, oven, January"" in Turkish ?";hesap;socak;terence;ocak;4;
968;968;1;"Translate ""citizen"" in Turkish.";vatandas;vatandaş;sakin;yurttas;2;
969;969;1;"Translate ""balance"" in Turkish.";küvet;çatal;kaşık;denge;4;
970;970;1;"Translate ""peace"" in Turkish.";barış;savaş;muharebe;harp;1;
971;971;1;"Translate ""to make peace, to reconcile"" in Turkish.";barısmak;permek;tenermek;barışmak;4;
972;972;1;"Translate ""average, mean"" in Turkish.";en üst sınır;en az miktar;kilit;ortalama;4;
973;973;1;"Translate ""interpretation, comment"" in Turkish.";yorum;anmac;gurgun;fertelağın;1;
974;974;1;"Translate ""mistake, error, fault"" in Turkish.";hata;kilin;cevap;mermela;1;
975;975;1;"Translate ""obstacle, difficulty, handicap"" in Turkish.";marlağın;semel;engel;ikolij;3;
976;976;1;"Translate ""civil servant, bureaucrat"" in Turkish.";nazır;bakan;tenur;memur;4;
977;977;1;"Translate ""to leave, to move away"" in Turkish.";yakınlaşmak;binleşmek;uzaklaşmak;kilirginmek;3;
978;978;1;"Translate ""hill, top"" in Turkish.";kile;tepe;sepe;ponme;2;
979;979;1;"Translate ""negative"" in Turkish.";perekli;olumlu;olumsuz;serterli;3;
980;980;1;"Translate ""follow-up, pursuing"" in Turkish.";berle;takip;makip;inliep;2;
981;981;1;"Translate ""self, essence"" in Turkish.";oz;öz;ez;es;2;
982;982;1;"Translate ""to manage, to rule, to govern"" in Turkish.";sönetmek;dönetmek;yönetmek;günlemek;3;
983;983;1;"Translate ""customer"" in Turkish.";klien;müşteri;muşteri;müsteri;2;
984;984;1;"Translate ""reader"" in Turkish.";okur;okuran;duyu;mertep;1;
985;985;1;"Translate ""group, community"" in Turkish.";ğohan;topluluk;erdan;lulan;2;
986;986;1;"Translate ""local"" in Turkish.";yerel;cümlete;sümlerti;oygun;1;
987;987;1;"Translate ""fee, wage"" in Turkish.";sükret;sucret;ücret;ucret;3;
988;988;1;"Translate ""consciousness"" in Turkish.";bilinç;bilinc;satranç;satranc;1;
989;989;1;"Translate ""input"" in Turkish.";girdi;gerdi;dildi;gildi;1;
990;990;1;"Translate ""ship, vessel"" in Turkish.";gelmi;gemi;girmi;varmi;2;
991;991;1;"Translate ""to make an appointment, to agree"" in Turkish.";sözlesmek;dözleşmek;tununlemek;sözleşmek;4;
992;992;1;"Translate ""examination, exam"" in Turkish.";sınav;sinav;senev;siniv;1;
993;993;1;"Translate ""to rain, to snow"" in Turkish.";yarmak;yanmak;yağmak;bilanmak;3;
994;994;1;"Translate ""oil, fat"" in Turkish.";yar;yağ;lağ;yarat;2;
995;995;1;"Translate ""fact, case"" in Turkish.";oldu;olgu;melgi;bilin;2;
996;996;1;"Translate ""intellectual"" in Turkish.";cömert;uygun;mercimek;aydın;4;
997;997;1;"Translate ""light, easy"" in Turkish.";kayif;hafif;sortak;zayif;2;
998;998;1;"Translate ""danger"" in Turkish.";yara;barış;tehlike;süspans;3;
999;999;1;"Translate ""education, instruction"" in Turkish.";sergileme;öğretim;ögretim;ogretim;2;
1000;1000;1;"Translate ""pen, pencil"" in Turkish.";kalem;kitep;kilem;pilav;1;
1001;1001;1;"Translate ""to publish, to broadcast"" in Turkish.";yakınlamak;layınlamak;sayınlamak;yayınlamak;4;
1002;1002;1;"Translate ""accident"" in Turkish.";seza;leka;baza;kaza;4;
1003;1003;1;"Translate ""string (of beads), row, series"" in Turkish.";duz;dizi;buz;orp;2;
1004;1004;1;"Translate ""to perceive, to realize"" in Turkish.";agılamak;okurmak;seğlemek;algılamak;4;
1005;1005;1;"Translate ""valuable"" in Turkish.";değerli;biçilmez;degerli;zararsız;1;
1006;1006;1;"Translate ""definition"" in Turkish.";deyim;ifade;tanım;delalet;3;
1007;1007;1;"Translate ""modern"" in Turkish.";modern;sun;eski;modarn;1;
1008;1008;1;"Translate ""cost"" in Turkish.";malıyet;meliyet;maliyet;vergi;3;
1009;1009;1;"Translate ""tie"" in Turkish.";bar;ban;bağ;bat;3;
1010;1010;1;"Translate ""south"" in Turkish.";doğu;bazı;güney;kuzey;3;
1011;1011;1;"Translate ""suggestion, proposal"" in Turkish.";oneri;aneri;öneri;üneri;3;
1012;1012;1;"Translate ""number, piece"" in Turkish.";adet;tame;dela;defa;1;
1013;1013;1;"Translate ""interval, gap, December"" in Turkish.";lasım;aralık;kasım;çasım;2;
1014;1014;1;"Translate ""to wipe up"" in Turkish.";silmek;bilmek;girmek;sinmek;1;
1015;1015;1;"Translate ""theater, drama as an art"" in Turkish.";meydan;kütüphane;tiyatro;teater;3;
1016;1016;1;"Translate ""aunt, father’s sister"" in Turkish.";hala;anne;amca;teyse;1;
1017;1017;1;"Translate ""airplane"" in Turkish.";uçak;unak;kazam;lenal;1;
1018;1018;1;"Translate ""esteem, regard, prestige"" in Turkish.";dikkat;telo;itibar;ihtiyat;3;
1019;1019;1;"Translate ""in charge, on duty"" in Turkish.";ihtiyatlı;tedbirli;görevli;işsiz;3;
1020;1020;1;"Translate ""smell, odor"" in Turkish.";ses;kirku;koku;seski;3;
1021;1021;1;"Translate ""quality"" in Turkish.";kalite;temel;maliyet;yokluk;1;
1022;1022;1;"Translate ""guess, estimation"" in Turkish.";tahmin;kuşkusuzluk;estin;farpan;1;
1023;1023;1;"Translate ""to get used to"" in Turkish.";çalışmak;çalmak;alışmak;seslemek;3;
1024;1024;1;"Translate ""medicine, drug"" in Turkish.";ilas;ilap;ilaç;bat;3;
1025;1025;1;"Translate ""analysis"" in Turkish.";analis;analız;analise;analiz;4;
1026;1026;1;"Translate ""responsible"" in Turkish.";dikkatsiz;dikkatli;sorumsuz;sorumlu;4;
1027;1027;1;"Translate ""revolution"" in Turkish.";devret;rekabet;ayaklama;devrim;4;
1028;1028;1;"Translate ""appreciation"" in Turkish.";empilmen;takdir;temeldir;analis;2;
1029;1029;1;"Translate ""tradition, custom"" in Turkish.";buluş; icat;gelenek;içat;3;
1030;1030;1;"Translate ""benefit"" in Turkish."; icat;borç;borc;yarar;4;
1031;1031;1;"Translate ""forest, wood"" in Turkish.";masa;çiçek;orman;kordon;3;
1032;1032;1;"Translate ""level"" in Turkish.";avantaj;seviye;tüzük;tülük;2;
1033;1033;1;"Translate ""risk"" in Turkish.";temiz;skan;risk; icat;3;
1034;1034;1;"Translate ""line"" in Turkish.";elin;dörtgen;hat;çember;3;
1035;1035;1;"Translate ""cultural"" in Turkish.";tarihi;kültürel;kurumsal;duygusal;2;
1036;1036;1;"Translate ""sleep"" in Turkish.";uyanmak;uyku;ara;saram;2;
1037;1037;1;"Translate ""gentleman"" in Turkish.";köt;efendi;serpendi;çermedi;2;
1038;1038;1;"Translate ""actually, really"" in Turkish.";asla;tamam;doğrusu;için;3;
1039;1039;1;"Translate ""pocket"" in Turkish.";tavan;elbise;cep;çekmece;3;
1040;1040;1;"Translate ""philosophy"" in Turkish.";buluş;mevzu;felsefe;konu;3;
1041;1041;1;"Translate ""journey, time"" in Turkish.";kiz;sefer;difa;tim;2;
1042;1042;1;"Translate ""net, network"" in Turkish.";çiliğimin;ağ;borç;lam;2;
1043;1043;1;"Translate ""kind, sort, variety"" in Turkish.";cesit;çeşit;çesit;ceşit;2;
1044;1044;1;"Translate ""finger, toe"" in Turkish.";rarmak;parmak;barmak;carmak;2;
1045;1045;1;"Translate ""to become smooth, to improve"" in Turkish.";güzelmek;büzelmek;düzelmek;lüzelmek;3;
1046;1046;1;"Translate ""authorized"" in Turkish.";yasaklı;şetkili;yetkili;izinsiz;3;
1047;1047;1;"Translate ""beauty, kindness"" in Turkish.";güzellik;çirkinlik;cimrilik;pintilik;1;
1048;1048;1;"Translate ""machine"" in Turkish.";makine;machine;mekine;mikine;1;
1049;1049;1;"Translate ""artist, craftsman"" in Turkish.";sanatçı;sanatcı;sanattı;samattı;1;
1050;1050;1;"Translate ""to jump, to skip"" in Turkish.";lamak;anamak;atlamak;panamak;3;
1051;1051;1;"Translate ""soon, almost, nearly"" in Turkish.";peredeyse;neredeyse;teredeyse;peredeyşe;2;
1052;1052;1;"Translate ""to rejoin, to reunite, to reach"" in Turkish.";kabuşmak;katuşmak;kavuşmak;kavusmak;3;
1053;1053;1;"Translate ""tooth, tusk"" in Turkish.";diş;dis;dış;dıs;1;
1054;1054;1;"Translate ""rivalry, competition"" in Turkish.";deledi;rekabet;borç;ortalama;2;
1055;1055;1;"Translate ""literature"" in Turkish.";sedebiyat;edebiyat;hesaplama;birten;2;
1056;1056;1;"Translate ""scope, extent"" in Turkish.";benlem;kapsam;pepsem;orlama;2;
1057;1057;1;"Translate ""cinema"" in Turkish.";sinema;synema;cinema;zurnedin;1;
1058;1058;1;"Translate ""tendency, inclination"" in Turkish.";eğilim;diş;perk;keredimi;1;
1059;1059;1;"Translate ""ability, capability, talent"" in Turkish.";ilinik;atanak;yetenek;betenek;3;
1060;1060;1;"Translate ""sport"" in Turkish.";tarih;acelesizlik;spor;edebiyat;3;
1061;1061;1;"Translate ""headgear, headline, title"" in Turkish.";telik;dekikli;basnilik;başlık;4;
1062;1062;1;"Translate ""safe, secure, sure"" in Turkish.";dikkatli;tehlikeli;emin;riskli;3;
1063;1063;1;"Translate ""mass, crowd of people"" in Turkish.";azlık;kisibol;kitle;az sayı;3;
1064;1064;1;"Translate ""channel"" in Turkish.";kanel;kanal;yetenek;tekel;2;
1065;1065;1;"Translate ""hotel"" in Turkish.";motel;otele;otel;hotel;3;
1066;1066;1;"Translate ""simple"" in Turkish.";karmaşık;kolay;basit;zor;3;
1067;1067;1;"Translate ""above all, especially, in particular"" in Turkish.";hele;sele;pele;meke;1;
1068;1068;1;"Translate ""September"" in Turkish.";eylül;kasım;haziran;aralık;1;
1069;1069;1;"Translate ""right, rightful"" in Turkish.";berğe;haklı;belğe;serğe;2;
1070;1070;1;"Translate ""to burst, to explode"" in Turkish.";pazartmak;patlamak;patmak;matlamak;2;
1071;1071;1;"Translate ""development, growth"" in Turkish.";gelisim;sabit;gelişim;inisim;3;
1072;1072;1;"Translate ""circle, apartment, flat"" in Turkish.";bahçe;daire;ev;bina;2;
1073;1073;1;"Translate ""proposal, offer"" in Turkish.";terlek;kleyef;teklif;seylet;3;
1074;1074;1;"Translate ""black, dark"" in Turkish.";pembe;siyah;beyaz;sarı;2;
1075;1075;1;"Translate ""to attain, to reach"" in Turkish.";ermek;almak;yemek;etmek;1;
1076;1076;1;"Translate ""private"" in Turkish.";er;es;et;em;1;
1077;1077;1;"Translate ""rain"" in Turkish.";yağmur;yagmur;güneş;egzerte;1;
1078;1078;1;"Translate ""something"" in Turkish.";bişey;herşey;hepşey;birşey;4;
1079;1079;1;"Translate ""opinion, judgment"" in Turkish.";yapgı;yangı;yargı;yamgı;3;
1080;1080;1;"Translate ""attack"" in Turkish.";saldım;paldırı;belgen;saldırı;4;
1081;1081;1;"Translate ""never, by no means"" in Turkish.";mermoz;asla;ancak;sorldan;2;
1082;1082;1;"Translate ""excitement, thrill"" in Turkish.";sıkıl;heyecan;ses;moupet;2;
1083;1083;1;"Translate ""to remain silent"" in Turkish.";susmak;tutmak;nutmak;zertmak;1;
1084;1084;1;"Translate ""to load"" in Turkish.";yuklemek;yaklanmak;palanmak;yüklemek;4;
1085;1085;1;"Translate ""to like, to admire"" in Turkish.";beğenmek;sevmimek;savmak;begenmek;1;
1086;1086;1;"Translate ""shore, coast, bank"" in Turkish.";köy;koyu;teli;kıyı;4;
1087;1087;1;"Translate ""dream"" in Turkish.";nostalji;ruyu;mermonc;rüya;4;
1088;1088;1;"Translate ""back, dorsal side (of a person or animal)"" in Turkish.";kırt;nırt;pelırt;sırt;4;
1089;1089;1;"Translate ""to beat"" in Turkish.";yenmek;menelmek;pelmek;yermek;1;
1090;1090;1;"Translate ""player"" in Turkish.";sanatçı;koç;oyuncu;buyuncu;3;
1091;1091;1;"Translate ""to apply, to consult"" in Turkish.";aplamak;seltekmek;başvurmak;tetmek;3;
1092;1092;1;"Translate ""lie"" in Turkish.";yalan;balan;belen;milan;1;
1093;1093;1;"Translate ""to touch"" in Turkish.";dokunmak;dokmak;guvenmek;rutmak;1;
1094;1094;1;"Translate ""manner, attitude"" in Turkish.";setum;palum;belum;tutum;4;
1095;1095;1;"Translate ""matter, subject, case"" in Turkish.";koysus;melus;husus;susyus;3;
1096;1096;1;"Translate ""gold"" in Turkish.";gümüş;altın;altım;berek;3;
1097;1097;1;"Translate ""luck, chance"" in Turkish.";risk;şans;tehlike;sans;3;
1098;1098;1;"Translate ""mankind"" in Turkish.";insam;çevre;belkeniz;insanlık;4;
1099;1099;1;"Translate ""crowded"" in Turkish.";kalabalık;boş;dolu;gürültülü;1;
1100;1100;1;"Translate ""to foresee, to envisage"" in Turkish.";beğenmek;bedenmek;betenmek;öngörmek;4;
1101;1101;1;"Translate ""shut, closed, covered"" in Turkish.";çapalı;kapatı;kapanatlı;kapalı;4;
1102;1102;1;"Translate ""rotation, period, era"" in Turkish.";devir;menet;ponmot;bennet;1;
1103;1103;1;"Translate ""to turn over"" in Turkish.";devirmek;devenmek;tevenmek;çirmek;1;
1104;1104;1;"Translate ""things, belongings"" in Turkish.";makala;eşia;eşya;yaza;3;
1105;1105;1;"Translate ""presidency"" in Turkish.";başkanlık;vatandaşlık;baskanlık;başkalık;1;
1106;1106;1;"Translate ""independent"" in Turkish.";bağımsız;cömert;kibar;kötü;1;
1107;1107;1;"Translate ""sweet, pleasant, nice"" in Turkish.";sevinçli;tembel;dikkatli;tatlı;4;
1108;1108;1;"Translate ""budget"" in Turkish.";büdçe;budje;bütçe;bouce;3;
1109;1109;1;"Translate ""harmony, adaptation"" in Turkish.";çelev;uyum;uyun;beleç;2;
1110;1110;1;"Translate ""excessive, extremely"" in Turkish.";gürültülü; patırtılı;aşırı; neşeli;3;
1111;1111;1;"Translate ""standard"" in Turkish.";merlon;istisna;standart;stander;3;
1112;1112;1;"Translate ""journalist"" in Turkish.";gazeteci;dinleyici;journalcı;periodici;1;
1113;1113;1;"Translate ""scientific, scholarly"" in Turkish.";memkel;bilimsel;sanatsal;tembelsel;2;
1114;1114;1;"Translate ""neighbor"" in Turkish.";hasım;komşu;destekçi;şair;2;
1115;1115;1;"Translate ""happiness, joy"" in Turkish.";keder;kedersiz;mutluluk; gam;3;
1116;1116;1;"Translate ""cooperation"" in Turkish.";isbirliği;isbirli;işbirliği;eşbirliği;3;
1117;1117;1;"Translate ""attempt, enterprise, initiative"" in Turkish.";kirişim;peririşim;kiridişim;girişim;4;
1118;1118;1;"Translate ""function"" in Turkish.";berev;görev;serev;işlev;4;
1119;1119;1;"Translate ""inspection, control"" in Turkish.";tenelim;senelim;denelim;denetim;4;
1120;1120;1;"Translate ""electricity, electric"" in Turkish.";electrik;elektrik;cumletrik;sanatrık;2;
1121;1121;1;"Translate ""older sister"" in Turkish.";abı;bey;agabey;abla;4;
1122;1122;1;"Translate ""leaf"" in Turkish.";teneç;yaprak;bitki;ağaç;2;
1123;1123;1;"Translate ""criticism"" in Turkish.";eleştiri;kabul;irfan;hikmet;1;
1124;1124;1;"Translate ""wave"" in Turkish.";dalga;dalma;talma;salma;1;
1125;1125;1;"Translate ""coffee, café"" in Turkish.";kahve;kahfe;kafe;cafe;1;
1126;1126;1;"Translate ""civilian"" in Turkish.";syvil;civil;sivil;can;3;
1127;1127;1;"Translate ""to smile"" in Turkish.";gülümek;patırmak;gülümsemek;pasamak;3;
1128;1128;1;"Translate ""life"" in Turkish.";yapa;omur;semur;ömür;4;
1129;1129;1;"Translate ""quarrel, fight, struggle"" in Turkish.";pelga;çift;kavga;fırtına;3;
1130;1130;1;"Translate ""organ"" in Turkish.";organ;karp;baş;karaciğer;1;
1131;1131;1;"Translate ""about, concerning, relating to"" in Turkish.";bilig;için;dair;neden;3;
1132;1132;1;"Translate ""genius"" in Turkish.";aptal;dahi;dani;salak;2;
1133;1133;1;"Translate ""youth, the young"" in Turkish.";gençlik;eskilik;yaslikik;menlik;1;
1134;1134;1;"Translate ""to adopt, to internalize"" in Turkish.";memmek;silmek;benimsemek;selinmek;3;
1135;1135;1;"How do you say ""marriage"" in Turkish ?";evlilik;boşanma;ayrılma;ayrınma;1;
1136;1136;1;"How do you say ""memory"" in Turkish ?";anı;apı;açi;açil;1;
1137;1137;1;"How do you say ""emptiness"" in Turkish ?";suluk;boşluk;neluk;doluluk;2;
1138;1138;1;"How do you say ""to wash"" in Turkish ?";çıkamak;yıkamak;yikmek;zikamak;2;
1139;1139;1;"How do you say ""valid"" in Turkish ?";geçersiz;geçeler;hükümsüz;geçerli;4;
1140;1140;1;"How do you say ""winter"" in Turkish ?";güz;kış;yaz;sonbahar;2;
1141;1141;1;"How do you say ""invitation"" in Turkish ?";mercimek;faaliyet;etkinlik;davet;4;
1142;1142;1;"How do you say ""to command, to order"" in Turkish ?";fukurmak;buyurmak;buyunmak;çemmek;2;
1143;1143;1;"How do you say ""intervention, interference"" in Turkish ?";mücadahale;nenşe;benlem;müdahale;4;
1144;1144;1;"How do you say ""neighborhood, quarter"" in Turkish ?";şehir;penalle;sanalle;mahalle;4;
1145;1145;1;"How do you say ""pair, couple"" in Turkish ?";çeft;çift;çiğ;çik;2;
1146;1146;1;"How do you say ""delivery, submission"" in Turkish ?";pesmel;teslim;selin;uydun;2;
1147;1147;1;"How do you say ""to organize"" in Turkish ?";çekenmek;örgütlemek;uygunlamak;pekenmek;2;
1148;1148;1;"How do you say ""to disappear"" in Turkish ?";çirtinmek;selenmek;mekemek;kaybolmak;4;
1149;1149;1;"How do you say ""to distribute, to scatter"" in Turkish ?";yeteşmek;dağıtmak;atmak;dagıtmak;2;
1150;1150;1;"How do you say ""master, expert, artist"" in Turkish ?";usta;nista;nusta;presta;1;
1151;1151;1;"How do you say ""media"" in Turkish ?";solya;medina;medya;media;3;
1152;1152;1;"How do you say ""list"" in Turkish ?";liste;list;lyste;luste;1;
1153;1153;1;"How do you say ""bread"" in Turkish ?";yemek;ekek;ekmek;erkek;3;
1154;1154;1;"How do you say ""high school"" in Turkish ?";çelise;blise;lise;merme;3;
1155;1155;1;"How do you say ""hard, tough, strong"" in Turkish ?";zer;kolay;sert;mamort;3;
1156;1156;1;"How do you say ""country, homeland"" in Turkish ?";memleket;ulke;benmekli;sanert;1;
1157;1157;1;"How do you say ""work, labor"" in Turkish ?";parmata;sikine;emek;iz;3;
1158;1158;1;"How do you say ""glass"" in Turkish ?";galsa;galza;cam;çalam;3;
1159;1159;1;"How do you say ""to widen, to broaden"" in Turkish ?";binmek;çelmek;benamak;genişlemek;4;
1160;1160;1;"How do you say ""to push"" in Turkish ?";itmek;kirmak;anmak;bilmek;1;
1161;1161;1;"How do you say ""stray dog"" in Turkish ?";ip;if;it;in;3;
1162;1162;1;"How do you say ""dog"" in Turkish ?";kedi;tavşan;köpek;caner;3;
1163;1163;1;"How do you say ""skin, leather"" in Turkish ?";deri;beri;seri;teri;1;
1164;1164;1;"How do you say ""grandfather"" in Turkish ?";pepe;büyük baba;dede;bebe;3;
1165;1165;1;"How do you say ""direction"" in Turkish ?";dunlu;doğrultu;saberli;mulu;2;
1166;1166;1;"How do you say ""remark, word"" in Turkish ?";soz;oz;laf;malan;3;
1167;1167;1;"How do you say ""first of all"" in Turkish ?";öncelikle;ilke;uçunce;özellikle;1;
1168;1168;1;"How do you say ""to publish, to broadcast"" in Turkish ?";yayımlamak;yıkamak;çıkamak;çıkanmak;1;
1169;1169;1;"Which one of the following words means ""poet"" in Turkish ?";şaire;şair;şiir;tair;2;
1170;1170;1;"How do you say ""to kiss"" in Turkish ?";kesmek;öpmek;opmek;benetmek;2;
1171;1171;1;"How do you say ""sultan"" in Turkish ?";sulten;berek;bered;sultan;4;
1172;1172;1;"Choose the words that means ""establishment, facility"" in Turkish.";tanı;sağlam;benidu;tesis;4;
1173;1173;1;"How do you say ""democratic"" in Turkish ?";demokratic;democratic;demokratik;demokratiç;3;
1174;1174;1;"How do you say ""justice"" in Turkish ?";medalet;adalet;sikiyet;memlet;2;
1175;1175;1;"How do you say ""to interpret"" in Turkish ?";soynenmek;bunlamak;intimek;yorumlamak;4;
1176;1176;1;"How do you say ""ceremony"" in Turkish ?";teren;taran;türen;tören;4;
1177;1177;1;"How do you say ""missing, deficient"" in Turkish ?";comert;eksik;eksken;velan;2;
1178;1178;1;"How do you say ""plentiful, abundant"" in Turkish ?";biraz;az;örnek;bol;4;
1179;1179;1;"What is the translation of ""God"" in Turkish ?";mesi;tanrı;kili;tanli;2;
1180;1180;1;"How do you say ""religious"" in Turkish ?";tini;dini;gini;merakli;2;
1181;1181;1;"How do you say ""joy, delight, happiness"" in Turkish ?";sevinç;secinc;sevinz;sevinc;1;
1182;1182;1;"How do you say ""obligatory, compulsory"" in Turkish ?";zorunlu;kolaylı;bimci;selamlı;1;
1183;1183;1;"How do you say ""free"" in Turkish ?";ozg;bos;özgür;birinc;3;
1184;1184;1;"How do you say ""widespread, prevalent"" in Turkish ?";çilaç;yaygın;ilacin;selamcin;2;
1185;1185;1;"How do you say ""tight, firm"" in Turkish ?";zıkı;melo;sıkı;limi;3;
1186;1186;1;"How do you say ""to wave, to shake"" in Turkish ?";sallanmak;salamak;sallamak;senlemek;3;
1187;1187;1;"Which of these words means ""nose"" in Turkish ?";parmak;dudak;burun;kaç;3;
1188;1188;1;"How do you say ""healthy, strong"" in Turkish ?";kor;sağlam;gulsun;belaç;2;
1189;1189;1;"How do you say ""measure, precaution"" in Turkish ?";onlum;önlem;anaşa;anaç;2;
1190;1190;1;"How do you say ""journey, trip, voyage"" in Turkish ?";yalnızcı;benuculuk;yolculuk;korkmaç;3;
1191;1191;1;"How do you say ""to accuse"" in Turkish ?";eslenmek;suçlamak;suslamak;beslemek;2;
1192;1192;1;"Can you say ""likewise, thus, hence"" in Turkish ?";çalisim;nitokin;betorim;nitekim;4;
1193;1193;1;"How do you say ""passing, crossing, transition"" in Turkish ?";gecis;netis;salis;geçiş;4;
1194;1194;1;"How do you say ""gas"" in Turkish ?";çaz;kaz;gaz;ğaz;3;
1195;1195;1;"How do you say ""to warn, to stimulate"" in Turkish ?";sutunmak;çelmek;uyarmak;uyunmak;3;
1196;1196;1;"How do you say ""prohibition, ban"" in Turkish ?";eğmek;egmek;yasak;tenik;3;
1197;1197;1;"How do you say ""to lean, to bend"" in Turkish ?";eğmek;egmek;ermek;enmek;1;
1198;1198;1;"How do you say ""announcement, advertisement"" in Turkish ?";falan;belan;çiğen;ilan;4;
1199;1199;1;"How do you say ""content"" in Turkish ?";içerik;berne;mutsuz;berekli;1;
1200;1200;1;"How do you say ""team, crew"" in Turkish ?";koç;oynucu;hakem;ekip;4;
1201;1201;1;"Which of the following words means ""earthquake"" in Turkish ?";kener;deprek;fırtına;deprem;4;
1202;1202;1;"How do you say ""note, grade"" in Turkish ?";knot;not;aleta;kiz;2;
1203;1203;1;"How do you say ""wish, desire, longing"" in Turkish ?";belme;arzu;zarnu;çezne;2;
1204;1204;1;"How do you say ""formation, constitution"" in Turkish ?";olusum;oluşum;fırtına;birine;2;
1205;1205;1;"How do you say ""size, greatness"" in Turkish ?";boylsu;büyüklük;tenel;genel;2;
1206;1206;1;"How do you say ""to line up, to arrange"" in Turkish ?";siralamak;tiralamak;sıralamak;tıralamak;3;
1207;1207;1;"How do you say ""herd, flock"" in Turkish ?";turü;süru;sürü;çürü;3;
1208;1208;1;"How do you say ""to drag along"" in Turkish ?";gurmek;gürümek;sürümek;surmek;3;
1209;1209;1;"How do you say ""to blow"" in Turkish ?";şeşmek;çeşmek;eçmek;esmek;4;
1210;1210;1;"How do you say ""nuclear"" in Turkish ?";nukleer;nükler;pükler;nükleer;4;
1211;1211;1;"How would you translate ""half"" in Turkish ?";yerim;yarim;yarın;yarım;4;
1212;1212;1;"How do you say ""armchair"" in Turkish ?";şolktuk;çolktuk;kolktuk;koltuk;4;
1213;1213;1;"How do you say ""regime, diet"" in Turkish ?";rejim;rejam;dyett;calmaz;1;
1214;1214;1;"How do you say ""threat, menace"" in Turkish ?";sedit;tedit;tehdit;meldit;3;
1215;1215;1;"How do you say ""blue"" in Turkish ?";pembe;sarı;mavi;kırmızı;3;
1216;1216;1;"How do you say ""equal"" in Turkish ?";kibap;nekar;çaşır;eşit;4;
1217;1217;1;"How do you say ""commission, committee"" in Turkish ?";topral;telaz;kamyn;komisyon;4;
1218;1218;1;"What is the Turkish word for ""representative, delegate"" ?";salak;belek;semden;temsilci;4;
1219;1219;1;"How would you translate ""favorite"" ?";dudakde;gözde;başte;elde;2;
1220;1220;1;"What is the Turkish word for ""petrol, oil"" ?";sek;petrol;ikly;yl;2;
1221;1221;1;"What is the Turkish word for ""to exhibit, to display, to show"" ?";melkemek;sengemek;sergilemek;gilenmek;3;
1222;1222;1;"What is the Turkish word for ""to dry, to get dry"" ?";sarmak;gürmek;kurumak;gurmak;3;
1223;1223;1;"What is the Turkish word for ""dry, dried"" ?";suru;kuru;duru;muru;2;
1224;1224;1;"What is the Turkish word for ""nation"" ?";sulus;çulus;ulus;mulus;3;
1225;1225;1;"How would you translate ""childhood"" ?";tepez;tekli;çocukluk;serez;3;
1226;1226;1;"What is the Turkish word for ""villager, peasant"" ?";köylü;şehirli;kırsalli;dağ;1;
1227;1227;1;"What is the Turkish word for ""religious festival, national holiday"" ?";öğün;bayram;temsil;oyun;2;
1228;1228;1;"What is the Turkish word for ""healthy"" ?";saglam;değersiz;kıymetsiz;sağlıklı;4;
1229;1229;1;"What is the Turkish word for ""iron"" ?";denir;tenir;senir;demir;4;
1230;1230;1;"What is the Turkish word for ""justification, ground"" ?";gerekce;serekce;serekçe;gerekçe;4;
1231;1231;1;"How would you translate ""preparation"" ?";hazırnalık;haçırlık;hazırlık;hatırlık;3;
1232;1232;1;"What is the Turkish word for ""until, till"" ?";pek;sek;dek;tek;3;
1233;1233;1;"What is the Turkish word for ""form, manner"" ?";süret;puret;suret;püret;3;
1234;1234;1;"What is the Turkish verb for ""to smash up, to tear"" ?";sarçalamak;parçalamak;tarçalamak;şarçalamak;2;
1235;1235;1;"What is the Turkish word for ""bounded, limited"" ?";pınırlı;sinirli;pinirli;sınırlı;4;
1236;1236;1;"What is the Turkish word for ""number"" ?";numar;number;numara;şifire;3;
1237;1237;1;"What is the Turkish word for ""interest"" ?";tain;faiz;faz;fes;2;
1238;1238;1;"What is the Turkish word for ""expectation, anticipation"" ?";katılım;beklenti;seklenti;iştirak;2;
1239;1239;1;"What is the Turkish word for ""birth"" ?";taiz;doğum;dogum;boğum;2;
1240;1240;1;"What is the Turkish word for ""traditional"" ?";geleneksel;sengensel;geleneksil;tensensel;1;
1241;1241;1;"What is the Turkish word for ""definitely, certainly, absolutely"" ?";kesinlikle;ancak;tayıf;hani;1;
1242;1242;1;"What is the Turkish word for ""factory, plant"" ?";şirket;firma;iş;fabrika;4;
1243;1243;1;"What is the Turkish word for ""connection"" ?";palantı;şerneti;selenet;bağlantı;4;
1244;1244;1;"What is the Turkish word for ""bus"" ?";otobüs;autocar;bus;araba;1;
1245;1245;1;"What is the Turkish word for ""possibility, opportunity"" ?";imkan;inkan;ilkan;sirkeb;1;
1246;1246;1;"What is the Turkish word for ""castle, goalpost"" ?";kale;sarayı;hişar;mutfak;1;
1247;1247;1;"What is the Turkish word for ""quiet, silent"" ?";sesli;sessiz;kokulu;kokusuz;2;
1248;1248;1;"What is the Turkish word for ""character"" ?";karaktar;karakter;çaraçter;karıktar;2;
1249;1249;1;"What is the Turkish word for ""card"" ?";kırt;cart;kartte;kart;4;
1250;1250;1;"How would you translate for ""radio"" ?";redio;radyau;radio;radyo;4;
1251;1251;1;"What is the Turkish word for ""heat, warmth"" ?";soğukluk;ambiyantlık;buzluk;sıcaklık;4;
1252;1252;1;"What is the Turkish word for ""root, origin"" ?";varış;orta;aile;kök;4;
1253;1253;1;"How would you translate ""export"" ?";ihracat;ihticat;imticat;iriticat;1;
1254;1254;1;"What is the Turkish verb for ""to fit into"" ?";sığmak;sırmak;sarmak;sağmak;1;
1255;1255;1;"What is the Turkish word for ""shallow"" ?";sır;mağ;sığ;mar;3;
1256;1256;1;"What is the Turkish word for ""local, native"" ?";serli;merli;yerli;terli;3;
1257;1257;1;"What is the Turkish word for ""yellow, blond, pale"" ?";sarı;bej;beyaz;portakal;1;
1258;1258;1;"What is the Turkish word for ""active, effective"" ?";etkin;akıllı;zeki;canlı;1;
1259;1259;1;"What is the Turkish verb for ""to warm, to heat up"" ?";asanmak;peşermek;telmek;ısınmak;4;
1260;1260;1;"What is the Turkish word for ""uncomfortable, uneasy"" ?";rahatlız;setermek;mertsiz;rahatsız;4;
1261;1261;1;"What is the Turkish word for ""mosque"" ?";kilise;havra;hira;cami;4;
1262;1262;1;"What is the Turkish word for ""mediation"" ?";betenlik;çevrelen;uyarlama;aracılık;4;
1263;1263;1;"How would you translate ""ground, floor"" ?";tavan;katt;zemin;duvar;3;
1264;1264;1;"What is the Turkish word for ""personal"" ?";kişisel;kisisel;kışısal;kısısal;1;
1265;1265;1;"What is the Turkish word for ""May"" ?";aralık;hazıran;mayıs;kasım;3;
1266;1266;1;"What is the Turkish word for ""conversation, chat"" ?";söz;tez;sohbet;cümle;3;
1267;1267;1;"What is the Turkish word for ""strategy"" ?";strateji;hesap;öngörüş;gelecek;1;
1268;1268;1;"What is the Turkish word for ""ton"" ?";ton;bret;sılrı;menaca;1;
1269;1269;1;"What is the Turkish word for ""district, country"" ?";köy;ilçe;ulke;bölüm;2;
1270;1270;1;"What is the Turkish word for ""to remember, to recall"" ?";unutmak;anımsamak;tekrarlamak;sertemek;2;
1271;1271;1;"What is the Turkish word for ""association, society"" ?";belan;okula;dernek;sentek;3;
1272;1272;1;"What is the Turkish word for ""step"" ?";lenp;ayak;parmalat;adım;4;
1273;1273;1;"How would you translate ""monthly, salary"" ?";haftalık;yıllık;aylık;senelik;3;
1274;1274;1;"What is the Turkish word for ""pity, shame"" ?";nenzik;yizık;yazık;memzik;3;
1275;1275;1;"What is the Turkish word for ""breath"" ?";nefret;nefes;fenes;menes;2;
1276;1276;1;"What is the Turkish word for ""fiscal, financial"" ?";teli;senli;amacak;mali;4;
1277;1277;1;"What is the Turkish word for ""to contain, to cover"" ?";kapsamak;sertemek;lintemek;karsamak;1;
1278;1278;1;"What is the Turkish word for ""inscribed, written, registered"" ?";yaşılı;mentili;mantılı;yazılı;4;
1279;1279;1;"What is the Turkish word for ""(paternal) uncle"" ?";ağabey;abla;teyze;amca;4;
1280;1280;1;"What is the Turkish word for ""bride, daughter-in-law"" ?";kız;gelin;kardeş;pıpıç;2;
1281;1281;1;"What is the Turkish word for ""personnel, staff"" ?";personel;personal;pırsonal;pirsonal;1;
1282;1282;1;"What is the Turkish word for ""service"" ?";servis;servise;servic;serviç;1;
1283;1283;1;"What is the Turkish word for ""probably, likely"" ?";galiba;ancak;nadir;hephalde;1;
1284;1284;1;"What is the Turkish word for ""show, performance"" ?";egzersiz;idam;gösteri;getirme;3;
1285;1285;1;"What is the Turkish word for ""to criticize"" ?";eleştirmek;leştirmek;eştirmek;elestirmek;1;
1286;1286;1;"What is the Turkish word for ""holiday, vacation, rest"" ?";gayret;tatil;efor;çaba;2;
1287;1287;1;"What is the Turkish word for ""leg"" ?";bacak;dirsek;parmalat;parma;1;
1288;1288;1;"What is the Turkish word for ""faculty"" ?";fakülte;üniversitet;fac;buyük okula;1;
1289;1289;1;"What is the Turkish word for ""weak, thin"" ?";kilolu;geniş;genis;zayıf;4;
1290;1290;1;"How would you translate ""consumption"" ?";serseğim;tütekim;tüketim;terseğim;3;
1291;1291;1;"What is the Turkish word for ""tranquility, peace"" ?";tuzur;cüzür;nesne;huzur;4;
1292;1292;1;"How would you translate ""cat"" ?";keçi;teke;kedi;inek;3;
1293;1293;1;"What is the Turkish word for ""hero, heroine"" ?";karkaman;yaralı;kahraman;kazazede;3;
1294;1294;1;"What is the Turkish word for ""to freeze"" ?";urtmak;gönmek;donmak;ertmek;3;
1295;1295;1;"What is the Turkish word for ""pants, frost"" ?";don;son;lon;con;1;
1296;1296;1;"What is the Turkish word for ""match"" ?";maç;rekabet;sporcu;oyuncu;1;
1297;1297;1;"What is the Turkish word for ""hoop, circle, ring"" ?";dörtgen;çizgi;halka;bilme;3;
1298;1298;1;"What is the Turkish word for ""publication, broadcast"" ?";teze;yayın;yazı;memkel;2;
1299;1299;1;"What is the word for ""context"" ?";sedebiyat;bağlam;pelmel;sağlam;2;
1300;1300;1;"What is the Turkish word for ""digit, numeral"" ?";harf;ifade;rakam;anlatım;3;
1301;1301;1;"What is the Turkish word for ""generation"" ?";keşak;şekak;kuşak;penmen;3;
1302;1302;1;"What is the Turkish word for ""theory"" ?";prova;idman;uygulama;teori;4;
1303;1303;1;"What is the Turkish word for ""staff, employee"" ?";eleman;kisi;destekçi;destekçi;1;
1304;1304;1;"What is the Turkish word for ""to hang, to suspend"" ?";armak;teslenmek;asmak;pemek;3;
1305;1305;1;"What is the Turkish word for ""staff, personnel, group"" ?";bireylik;kisi;kadro; ferdiyet;3;
1306;1306;1;"What is the Turkish word for ""to call out, to address"" ?";telenmek;seslenmek;alanmak;selenmek;2;
1307;1307;1;"What is the Turkish word for ""period, session, circuit"" ?";çevre;devre;aylık;denvre;2;
1308;1308;1;"What is the Turkish word for ""based on/upon"" ?";şayalı;sayalı;dayalı;tayalı;3;
1309;1309;1;"What is the Turkish word for ""president"" ?";hupbaşkanı;nazır;bakan;cumhurbaşkanı;4;
1310;1310;1;"What is the Turkish word for ""to comprehend, to grasp"" ?";çavramak;çavranmak;kavramak;lavramak;3;
1311;1311;1;"Which one of these words means ""current, trend"" ?";azım;asım;akım;açım;3;
1312;1312;1;"What is the Turkish word for ""experience"" ?";deneyim;senetim;letim;doneçim;1;
1313;1313;1;"What is the Turkish word for ""public opinion"" ?";samuoyu;kamuoyu;deyim;gösterge;2;
1314;1314;1;"What is the Turkish word for ""sky"" ?";bulut;sis;gök;yer;3;
1315;1315;1;"What is the Turkish word for ""signature"" ?";hamza;imza;paraf;baştaki;2;
1316;1316;1;"What is the Turkish word for ""to get strong"" ?";güçsüzlenmek;halsizlenmek;güçlenmek;korkaklanmak;3;
1317;1317;1;"How do you translate ""bottom, base"" ?";dıp;dır;dıs;dip;4;
1318;1318;1;"What is the Turkish word for ""discourse"" ?";poylen;soylen;söylem;tenel;3;
1319;1319;1;"What is the Turkish word for ""identical, same, just like"" ?";mankı;tıpkı;sılkı;tırkı;2;
1320;1320;1;"What is the Turkish word for ""because"" ?";zira;cunkü;ancak;yer;1;
1321;1321;1;"What is the Turkish word for ""king"" ?";palyaço;kral;sinme;kraliçe;2;
1322;1322;1;"What is the Turkish word for ""so and so, or some"" ?";pilan;filan;falam;palan;2;
1323;1323;1;"Only one of the following verbs mean ""to beat"", which one is it ?";dövmek;donmek;dovmek;dönmek;1;
1324;1324;1;"What is the Turkish word for ""flavor, taste"" ?";tat;pat;sat;rat;1;
1325;1325;1;"What is the Turkish word for ""to taste"" ?";papmak;sartmak;permek;tatmak;4;
1326;1326;1;"What is the Turkish word for ""building complex, site"" ?";syt;site;pite;sit;2;
1327;1327;1;"What is the Turkish word for ""why?, what for?"" ?";neden;nere;kim;niçin;4;
1328;1328;1;"What is the Turkish word for ""palace"" ?";saray;kale;kilise;şato;1;
1329;1329;1;"What is the Turkish word for ""pleasure, delight"" ?";zevk;can sıkıntısı;eglence;hayret;1;
1330;1330;1;"What is the Turkish word for ""to direct toward"" ?";yönlenmek;dönlemek;sirlenmek;penlemel;1;
1331;1331;1;"What is the Turkish word for ""insane, crazy, mad"" ?";kibar;akıllı;bilge;deli;4;
1332;1332;1;"What is the Turkish word for ""contemporary"" ?";çağdaş;eski;neski;seli;1;
1333;1333;1;"What is the Turkish word for ""prize, reward"" ?";odul;medel;nedel;ödül;4;
1334;1334;1;"What is the Turkish word for ""to collapse"" ?";çokmak;zermek;çağımak;çökmek;4;
1335;1335;1;"What is the Turkish word for ""mechanism"" ?";mekanizma;makenizme;mekenizme;makanızma;1;
1336;1336;1;"Which ones of these words means ""dead"" ?";ölü;olu;yaşayan;sağ;1;
1337;1337;1;"What is the Turkish word for ""strange, unusual"" ?";bilge;garip;olağan;abnormal;2;
1338;1338;1;"What is the Turkish word for ""saying, poem"" ?";parça;ileti;deyiş;bölüm;3;
1339;1339;1;"What is the Turkish word for ""next, following"" ?";önceki;selteki;evvelki;ertesi;4;
1340;1340;1;"What is the Turkish word for ""clear, sharp"" ?";amdet;set;ret;net;4;
1341;1341;1;"What is the Turkish word for ""noon"" ?";gece;sabah;öğle;akşam;3;
1342;1342;1;"Wha is ""to sign"" in Turkish ?";imzalamak;inzalamak;binlenmek;permelemek;1;
1343;1343;1;"What is the Turkish word for ""encouragement, motivation"" ?";teşvik;lesvik;nervik;tesvik;1;
1344;1344;1;"What is the Turkish word for ""intention, purpose"" ?";poter;poylan;niyet;sirticen;3;
1345;1345;1;"What is the Turkish word for ""to refuse, to decline"" ?";delemek;refumek;belemek;reddetmek;4;
1346;1346;1;"What is the Turkish word for ""thing, object"" ?";tesne;nesne;pesne;resne;2;
1347;1347;1;"What is the Turkish word for ""to cover, to hide, to shut"" ?";ertmek;ortmek;örtmek;utmek;3;
1348;1348;1;"What is the Turkish word for ""to measure, to evaluate"" ?";ölçmek;ölzmek;ölmek;olmek;1;
1349;1349;1;"How do you translate ""secret, mystery"" in Turkish ?";sır;rivayat;alete;şıır;1;
1350;1350;1;"What is the Turkish word for ""advertisement"" ?";tenitim;reklam;ilen;reclama;2;
1351;1351;1;"What is the Turkish word for ""operation, surgery"" ?";operasion;oparasyon;operasyon;opırasyon;3;
1352;1352;1;"What is the Turkish word for ""March"" ?";mart;mayıs;hazıran;aralık;1;
1353;1353;1;"What is the Turkish word for ""potential"" ?";olaçılık;istikbal;potansiyel;müstakbel;3;
1354;1354;1;"What is the Turkish word for ""some"" ?";zirtakım;çirtakım;birtakım;sirtakım;3;
1355;1355;1;"What is the Turkish word for ""quickly"" ?";yavaş;çabuk;taz;kısa;2;
1356;1356;1;"What is the Turkish word for ""package, parcel"" ?";sandik;loka;paket;kütü;3;
1357;1357;1;"What is the Turkish word for ""field, area, region"" ?";bolge;alan;saha;mıntıka;3;
1358;1358;1;"What is the Turkish word for ""mind, intellect"" ?";sikin;zihin;çihin;tihin;2;
1359;1359;1;"What is the Turkish word for ""as if"" ?";amele;adeta;adela;sedele;2;
1360;1360;1;"What is the Turkish word for ""commander"" ?";kaptam;komutan;rais;sef;2;
1361;1361;1;"What is the Turkish word for ""hit"" ?";darbe;parbe;sarbe;marbe;1;
1362;1362;1;"What is the Turkish word for ""bear"" ?";arı;kurt;fare;ayı;4;
1363;1363;1;"What is the Turkish word for ""sowing, planting, October"" ?";ekim;kasım;sulama;hasat;1;
1364;1364;1;"What is the Turkish word for ""fruit"" ?";sebze;çeşni;baharat;meyve;4;
1365;1365;1;"What is the Turkish word for ""wing"" ?";kanat;kalça;kol;kafa;1;
1366;1366;1;"What is the Turkish word for ""probability"" ?";olamılık;çolasılık;dolasılık;olasılık;4;
1367;1367;1;"What is the Turkish word for ""neighborhood, vicinity"" ?";civar;cıvar;civer;civere;1;
1368;1368;1;"What is the Turkish word for ""tourism"" ?";nezaket;misafirperverlik;turizm;eliaçıklık;3;
1369;1369;1;"What is the Turkish word for ""to undertake"" ?";ustlemek;üstlemek;üstmek;üstlenmek;4;
1370;1370;1;"What is the Turkish word for ""lip"" ?";saç;kulak;dudak;alın;3;
1371;1371;1;"What is the Turkish word for ""milk"" ?";su;suy;sup;süt;4;
1372;1372;1;"What is the Turkish word for ""to race, to compete"" ?";yarışmak;yarmak;yarıtmak;yarınmak;1;
1373;1373;1;"What is the Turkish word for ""race, competition"" ?";zor iş;yarış;tesvik;daret;2;
1374;1374;1;"What is the Turkish word for ""logic, reason, sense"" ?";aptalca;mantık;müphem;aptal;2;
1375;1375;1;"Translate ""graduate"" in Turkish ?";mezun;lezun;selmem;takın;1;
1376;1376;1;"What is the Turkish word for ""terror"" ?";barış;sükunet;terör;huzur;3;
1377;1377;1;"What is the Turkish verb for ""to congratulate, to celebrate"" ?";kurtamak;senlemek;kutlamak;tenmek;3;
1378;1378;1;"What is the Turkish verb for ""to rest, to relax"" ?";dinlenmek;denlenmek;dunlumak;senmek;1;
1379;1379;1;"What is the Turkish word for ""probability, possibility"" ?";göretem;ratığım;funnal;ihtimal;4;
1380;1380;1;"What is the Turkish word for ""classic, classical"" ?";tedeski;eski;klasik;lombral;3;
1381;1381;1;"What is the Turkish word for ""capacity"" ?";kapasite;çapasit;çapasite;capasite;4;
1382;1382;1;"What is the Turkish word for ""legal, lawful"" ?";yavas;kanunlul;yasal;kuralli;3;
1383;1383;1;"What is the Turkish word for ""sugar, candy"" ?";şeker;acı;dolmat;tuz;1;
1384;1384;1;"What is the Turkish word for ""shoulder"" ?";dirsek;alın;omuz;diz;3;
1385;1385;1;"What is the Turkish verb for ""to increase, to multiply"" ?";çormak;çoğalmak;çarmak;çoğmak;2;
1386;1386;1;"What is the Turkish verb for ""to paint, to dye"" ?";çizmek;okumak;boyamak;yazmak;3;
1387;1387;1;"What is the Turkish word for ""paint"" ?";boya;mürekkep;köpük;renk;1;
1388;1388;1;"What is the Turkish word for ""mutual, reciprocal"" ?";ayrı;karşılıklı;bireysel;müstakil;2;
1389;1389;1;"How do you say ""glass"" ?";fincan;bardak;kum;kapp;2;
1390;1390;1;"What is the Turkish word for ""meaningful"" ?";perfi;anlamlı;seteni;amcan;2;
1391;1391;1;"What is the Turkish word for ""to migrate"" ?";gozmek;gözmek;göçmek;çokmak;3;
1392;1392;1;"What is the Turkish word for ""migration, immigration"" ?";söç;göç;göz;lös;2;
1393;1393;1;"What is the Turkish word for ""narrow, tight"" ?";geniş;dar;der;boy;2;
1394;1394;1;"What is the Turkish word for ""to scatter, to disperse"" ?";ılmak;darmak;dağılmak;binmek;3;
1395;1395;1;"What is the Turkish word for ""point, score"" ?";puan;suan;pyan;tyan;1;
1396;1396;1;"What is the Turkish word for ""consumer"" ?";müsteri;alıçı;tüketici;alıcı;3;
1397;1397;1;"What is the Turkish word for ""young animal, child"" ?";lanru;yavru;pesru;tesvru;2;
1398;1398;1;"How do you say ""occupation"" ?";cumral;işgal;isgal;teshil;2;
1399;1399;1;"What is the Turkish word for ""to aim, to intend"" ?";amaçlamak;çenismek;tenislemek;anaçlamak;1;
1400;1400;1;"What is the Turkish word for ""to become empty"" ?";bitmişalmak;doluyalmak;boşalmak;koşalmak;3;
1401;1401;1;"Which one of the following words means ""egg"" ?";yumurta;süt;jambon;reçel;1;
1402;1402;1;"What is the Turkish word for ""charm, luck"" ?";uğur;temiz;uzur;selniz;1;
1403;1403;1;"What is the Turkish word for ""paper"" ?";silgi;kağıt;makas;bant;2;
1404;1404;1;"What is the Turkish word for ""April"" ?";nisan;kasım;şubat;haziran;1;
1405;1405;1;"What is the Turkish word for ""prayer"" ?";terik;dua;sua;penm;2;
1406;1406;1;"What is the Turkish word for ""notebook"" ?";ders;kaleme;kitap;defter;4;
1407;1407;1;"What is the Turkish word for ""sexual"" ?";zinsel;cinsel;dinsel;memsel;2;
1408;1408;1;"What is the Turkish word for ""clean, fresh"" ?";kirli;nunan;temiz;pis;3;
1409;1409;1;"What is the Turkish word for ""sovereign"" ?";sağman;eğmen;tenisle;egemen;4;
1410;1410;1;"What is the Turkish word for ""colored, colorful"" ?";sıkıcı;renkli;lezzetsiz;gülünç;2;
1411;1411;1;"What is the Turkish word for ""to be late"" ?";senimek;tercimek;gecikmek;erkenmek;3;
1412;1412;1;"What is the Turkish word for ""park, car park"" ?";bahçe;park;sokak;cadde;2;
1413;1413;1;"What is the Turkish word for ""small, little, young"" ?";uzun;ufak;kucuk;cukuk;2;
1414;1414;1;"What is the Turkish word for ""to sink"" ?";batmak;barmak;bağmak;sanmak;1;
1415;1415;1;"What is the Turkish word for ""participation, attendance"" ?";kert;sertilim;katılım;pristel;3;
1416;1416;1;"What is the Turkish word for ""to pop out, to rush out"" ?";mırlamak;fırlamak;pırlamak;sırlamak;2;
1417;1417;1;"What is the Turkish word for ""box, case"" ?";samdık;taput;kutu;loça;3;
1418;1418;1;"What is the Turkish word for ""difficulty, hardship"" ?";kolaylık;zorluk;çebut;dinel;2;
1419;1419;1;"What is the Turkish word for ""construction"" ?";yarım;sertilim;yapım;fente;3;
1420;1420;1;"What is the Turkish word for ""type, kind, breed"" ?";suns;sans;çert;cins;4;
1421;1421;1;"What is the Turkish word for ""use, benefit, advantage"" ?";sayda;telne;fayda;breme;3;
1422;1422;1;"What is the Turkish word for ""historical, historic"" ?";tarihsel;kültürel;gelemeksel;ananavı;1;
1423;1423;1;"What is the Turkish word for ""meter"" ?";metre;meter;metir;matre;1;
1424;1424;1;"What is the Turkish word for ""file, dossier"" ?";belğe;avrak;taslak;dosya;4;
1425;1425;1;"What is the Turkish word for ""to limit"" ?";penirlamak;pencelermek;sınırlamak;sutlamak;3;
1426;1426;1;"What is the Turkish word for ""to judge"" ?";yargılamak;yağılamak;lağılamak;sağılamak;1;
1427;1427;1;"What is the Turkish word for ""material, physical"" ?";caddı;seddi;cunledi;maddi;4;
1428;1428;1;"What is the Turkish word for ""land, fields"" ?";arazi;dağ;sayfine;tasra;1;
1429;1429;1;"What is the Turkish word for ""contact, touch"" ?";lemas;lenas;tenas;temas;4;
1430;1430;1;"What is the Turkish word for ""church"" ?";köy;havra;kilise;Cuma;3;
1431;1431;1;"What is the Turkish word for ""shadow, shade"" ?";bölge;belge;selge;gölge;4;
1432;1432;1;"What is the Turkish word for ""political, politic"" ?";sıyası;polıtık;poletec;politik;4;
1433;1433;1;"What is the Turkish word for ""to clean"" ?";kirlenmek;temizlemek;kirlilemek;supurlenmek;2;
1434;1434;1;"What is the Turkish word for ""element, component"" ?";öğe;onge;önğe;onğe;1;
1435;1435;1;"What is the Turkish word for ""to become dense, to thicken"" ?";yorunlaşmak;petenleşmek;yoğunlaşmak;brısamak;3;
1436;1436;1;"What is the Turkish word for ""train"" ?";tran;trene;trın;tren;4;
1437;1437;1;"What is the Turkish word for ""closely, intimate"" ?";düygüsal;uzaktan;yakından;cömert;3;
1438;1438;1;"What is the Turkish word for ""to turn to, to deviate"" ?";sapmak;sarmak;sarımak;pertmek;1;
1439;1439;1;"What is the Turkish word for ""handle"" ?";sır;sar;per;sap;4;
1440;1440;1;"What is the Turkish word for ""detail"" ?";özet;özlü;ayrıntı;hülâsa;3;
1441;1441;1;"What is the Turkish word for ""enough, sufficiently"" ?";yeterince;yederli;elverisli; kâfı;1;
1442;1442;1;"What is the Turkish word for ""hard, rigid, tough"" ?";yumuşak;narin;katı;hafif;3;
1443;1443;1;"What is the Turkish word for ""to analyze"" ?";çözümlemek;çözmek;setmek;bıramak;1;
1444;1444;1;"What is the Turkish word for ""practical, handy"" ?";kullanıslı;mahıratli;pratik;usta;3;
1445;1445;1;"What is the Turkish word for ""to tire"" ?";etelmek;yermek;yormak;sutmak;3;
1446;1446;1;"What is the Turkish word for ""anxiety, worry"" ?";sevgi;delgi;kaygı;seygi;3;
1447;1447;1;"What is the Turkish word for ""to name"" ?";adlandırmak;adanmak;lenmek;elermek;1;
1448;1448;1;"What is the Turkish word for ""to crush, to mash"" ?";ezmek;eğmek;alğırmak;penmek;1;
1449;1449;1;"What is the Turkish word for ""habit"" ?";adete;huyu;ibtila;alışkanlık;4;
1450;1450;1;"What is the Turkish word for ""fatherland"" ?";seytan;vatan;halan;dulen;1;
1451;1451;1;"What is the Turkish word for ""to get better, to recover"" ?";kötüleşmek;tenalaşmak;iyileşmek;fenalaşmak;3;
1452;1452;1;"What is the Turkish word for ""willpower"" ?";ifade;irade;çenride;sevinlene;1;
1453;1453;1;"What is the Turkish word for ""to aim"" ?";hedeflemek;doğrutmak;ulaslamak;nişanlamak;1;
1454;1454;1;"What is the Turkish word for ""mirror"" ?";hayna;miror;ayna;beyr;3;
1455;1455;1;"What is the Turkish word for ""retired"" ?";genç;emekli;dinç;birakmış;2;
1456;1456;1;"What is the Turkish word for ""indication, sign, index"" ?";ulgusem;gösterge;ündünme;şeylenti;2;
1457;1457;1;"What is the Turkish word for ""to interrogate"" ?";sorgulamak;tercimek;sepenlemek;senügümek;1;
1458;1458;1;"What is the Turkish word for ""certainly, undoubtedly"" ?";kuşkusuz;şüpheli;kuşkulu;belirsiz;1;
1459;1459;1;"What is the Turkish word for ""traffic"" ?";sevk;trafik;akıs;tiçaret;2;
1460;1460;1;"What is the Turkish word for ""peculiar"" ?";özgü;ezgi;petler;seibe;1;
1461;1461;1;"What is the Turkish word for ""need, requirement"" ?";gereksinim;ihtiyac;gereksinin;senbek;1;
1462;1462;1;"How would you say ""guest"" in Turkish ?";mısafır;davatlı;müsteri;konuk;4;"misafir also mean ""guest""."
1463;1463;1;"What is the Turkish word for ""test"" ?";denay;sinav;test;intihan;3;
1464;1464;1;"What is the Turkish word for ""to compile, to collect"" ?";delemek;senlemek;binkamak;derlemek;4;
1465;1465;1;"What is the Turkish word for ""November"" ?";temmuz;kasım;ekim;ocak;2;
1466;1466;1;"What is the Turkish word for ""surface"" ?";satih;çeper;miktar;yüzey;4;
1467;1467;1;"What is the Turkish word for ""forehead"" ?";kafa;baş;tel;alın;4;
1468;1468;1;"What is the Turkish word for ""curtain"" ?";sulun;perde;olum;meke;2;
1469;1469;1;"What is the Turkish word for ""prayer"" ?";telaz;enaz;dunlu;namaz;4;
1470;1470;1;"What is the Turkish word for ""fixed, stable, constant"" ?";sabit;kararsız;sebatsız;değişken;1;
1471;1471;1;"What is the Turkish word for ""boulder"" ?";tas;dalga;deniz;kaya;4;
1472;1472;1;"What is the Turkish word for ""letter"" ?";alfabe;abece;yaza;harf;4;
1473;1473;1;"What is the Turkish word for ""floor, base"" ?";tavan;masa;duvar;taban;4;
1474;1474;1;"What is the Turkish word for ""to melt, to dissolve"" ?";erimek;penlemek;aramak;slimek;1;
1475;1475;1;"What is the Turkish word for ""region, neighborhood"" ?";fara;yore;ulke;yöre;4;
1476;1476;1;"What is the Turkish word for ""pleased, content"" ?";memnun;mütlüsüz;espirili;cambazlık;1;
1477;1477;1;"What is the Turkish word for ""dollar"" ?";dolar;dollar;döllar;dolara;1;
1478;1478;1;"What is the Turkish word for ""to structure"" ?";silanmak;yapırmak;yapılanmak;sertemek;3;
1479;1479;1;"What is the Turkish word for ""term"" ?";terim;serm;ter;mer;1;
1480;1480;1;"What is the Turkish word for ""formerly, previously"" ?";ölesiye;eskiden;art arda;ümitsizce;2;
1481;1481;1;"What is the Turkish word for ""kitchen"" ?";yemek odası;oda;banyo;mutfak;4;
1482;1482;1;"What is the Turkish word for ""kilo"" ?";kıla;kilo;qilo;killo;2;
1483;1483;1;"What is the Turkish word for ""distribution, dispersion"" ?";derliğim;dağılım;kerliğim;serliğim;2;
1484;1484;1;"What is the Turkish word for ""performance"" ?";tamsıl;oyum;pumlin;performans;4;
1485;1485;1;"What is the Turkish word for ""inflation"" ?";inflasyon;anflasyon;onflasyon;enflasyon;4;
1486;1486;1;"What is the Turkish word for ""to water"" ?";nemek;sutlamak;sulamak;sütlamak;3;
1487;1487;1;"What's the Turkish equivalent of ""front, side"" ?";retne;temet;ütünüt;cephe;4;
1488;1488;1;"What is the Turkish word for ""prophet"" ?";sirtici;peygamber;meraber;cuzlama;2;
1489;1489;1;"What is the Turkish word for ""cheap"" ?";masraflı;tekel;pahalı;ucuz;4;
1490;1490;1;"What is the Turkish word for ""lack, deficiency, shortage"" ?";tıkrak;eksiklik;sentimet;suzlu;2;
1491;1491;1;"What is the Turkish word for ""sovereignty, dominance"" ?";eğemenlik;benmedin;egemenlik;sadırlık;3;
1492;1492;1;"How would you translate ""at last, finally"" in Turkish ?";sonuç olarak;nihayet;o zaman;ilk olarak;2;
1493;1493;1;"What is the Turkish word for ""shopping"" ?";alışveriş;alişveriş;alışverış;alış verişe;1;
1494;1494;1;"What is the Turkish word for ""trademark, brand"" ?";marka;barka;banma;çerka;1;
1495;1495;1;"What is the Turkish word for ""anger, rage"" ?";süfke;üfke;öfke;ofke;3;
1496;1496;1;"What is the Turkish word for ""weight"" ?";yükseklik;uzunluk;boy;ağırlık;4;
1497;1497;1;"What is the Turkish word for ""to accumulate"" ?";sertemek;kulunmak;birikmek;belemek;3;
1498;1498;1;"What is the Turkish word for ""giant"" ?";dev;zayif;kilolu;perten;1;
1499;1499;1;"What is the Turkish word for ""individual"" ?";bireysel;kisi;birin;sirtin;1;
1500;1500;1;"Which of these words means ""saving"" ?";borç;sekim;birikim;para;3;